-0.661519 -0.375306 0 -0.8 -0.5 -0.6 -0.8 0
-0.648002 -0.40722 0 -0.7 -0.5 -0.6 -0.7 1
-0.632434 -0.438319 0 -0.6 -0.5 -0.6 -0.6 2
-0.614874 -0.468457 0 -0.5 -0.5 -0.6 -0.5 3
-0.595392 -0.497493 0 -0.4 -0.5 -0.6 -0.4 4
-0.574068 -0.52529 0 -0.3 -0.5 -0.6 -0.3 5
-0.550993 -0.551721 0 -0.2 -0.5 -0.6 -0.2 6
-0.526268 -0.576662 0 -0.1 -0.5 -0.6 -0.1 7
-0.5 -0.6 0 0 -0.5 -0.6 0 8
-0.472308 -0.621629 0 0.1 -0.5 -0.6 0.1 9
-0.443317 -0.641451 0 0.2 -0.5 -0.6 0.2 10
-0.413159 -0.659382 0 0.3 -0.5 -0.6 0.3 11
-0.381971 -0.675343 0 0.4 -0.5 -0.6 0.4 12
-0.349899 -0.68927 0 0.5 -0.5 -0.6 0.5 13
-0.317088 -0.701107 0 0.6 -0.5 -0.6 0.6 14
-0.283692 -0.710812 0 0.7 -0.5 -0.6 0.7 15
-0.249863 -0.718352 0 0.8 -0.5 -0.6 0.8 16
-0.627214 -0.284167 0 -0.8 -0.5 -0.5 -0.8 17
-0.617642 -0.314051 0 -0.7 -0.5 -0.5 -0.7 18
-0.606155 -0.343367 0 -0.6 -0.5 -0.5 -0.6 19
-0.592792 -0.37198 0 -0.5 -0.5 -0.5 -0.5 20
-0.577607 -0.399756 0 -0.4 -0.5 -0.5 -0.4 21
-0.560659 -0.426568 0 -0.3 -0.5 -0.5 -0.3 22
-0.54202 -0.45229 0 -0.2 -0.5 -0.5 -0.2 23
-0.521771 -0.476805 0 -0.1 -0.5 -0.5 -0.1 24
-0.5 -0.5 0 0 -0.5 -0.5 0 25
-0.476805 -0.521771 0 0.1 -0.5 -0.5 0.1 26
-0.45229 -0.54202 0 0.2 -0.5 -0.5 0.2 27
-0.426568 -0.560659 0 0.3 -0.5 -0.5 0.3 28
-0.399756 -0.577607 0 0.4 -0.5 -0.5 0.4 29
-0.37198 -0.592792 0 0.5 -0.5 -0.5 0.5 30
-0.343367 -0.606155 0 0.6 -0.5 -0.5 0.6 31
-0.314051 -0.617642 0 0.7 -0.5 -0.5 0.7 32
-0.284167 -0.627214 0 0.8 -0.5 -0.5 0.8 33
-0.592909 -0.193029 0 -0.8 -0.5 -0.4 -0.8 34
-0.587283 -0.220881 0 -0.7 -0.5 -0.4 -0.7 35
-0.579876 -0.248415 0 -0.6 -0.5 -0.4 -0.6 36
-0.570711 -0.275503 0 -0.5 -0.5 -0.4 -0.5 37
-0.559822 -0.30202 0 -0.4 -0.5 -0.4 -0.4 38
-0.54725 -0.327845 0 -0.3 -0.5 -0.4 -0.3 39
-0.533047 -0.352859 0 -0.2 -0.5 -0.4 -0.2 40
-0.517274 -0.376947 0 -0.1 -0.5 -0.4 -0.1 41
-0.5 -0.4 0 0 -0.5 -0.4 0 42
-0.481301 -0.421913 0 0.1 -0.5 -0.4 0.1 43
-0.461263 -0.442589 0 0.2 -0.5 -0.4 0.2 44
-0.439977 -0.461936 0 0.3 -0.5 -0.4 0.3 45
-0.417541 -0.47987 0 0.4 -0.5 -0.4 0.4 46
-0.394061 -0.496315 0 0.5 -0.5 -0.4 0.5 47
-0.369646 -0.511203 0 0.6 -0.5 -0.4 0.6 48
-0.34441 -0.524473 0 0.7 -0.5 -0.4 0.7 49
-0.318472 -0.536076 0 0.8 -0.5 -0.4 0.8 50
-0.558605 -0.101891 0 -0.8 -0.5 -0.3 -0.8 51
-0.556924 -0.127712 0 -0.7 -0.5 -0.3 -0.7 52
-0.553597 -0.153463 0 -0.6 -0.5 -0.3 -0.6 53
-0.54863 -0.179025 0 -0.5 -0.5 -0.3 -0.5 54
-0.542037 -0.204284 0 -0.4 -0.5 -0.3 -0.4 55
-0.533841 -0.229122 0 -0.3 -0.5 -0.3 -0.3 56
-0.524074 -0.253428 0 -0.2 -0.5 -0.3 -0.2 57
-0.512778 -0.27709 0 -0.1 -0.5 -0.3 -0.1 58
-0.5 -0.3 0 0 -0.5 -0.3 0 59
-0.485798 -0.322056 0 0.1 -0.5 -0.3 0.1 60
-0.470236 -0.343158 0 0.2 -0.5 -0.3 0.2 61
-0.453386 -0.363214 0 0.3 -0.5 -0.3 0.3 62
-0.435326 -0.382134 0 0.4 -0.5 -0.3 0.4 63
-0.416142 -0.399838 0 0.5 -0.5 -0.3 0.5 64
-0.395924 -0.41625 0 0.6 -0.5 -0.3 0.6 65
-0.374769 -0.431304 0 0.7 -0.5 -0.3 0.7 66
-0.352777 -0.444938 0 0.8 -0.5 -0.3 0.8 67
-0.5243 -0.010753 0 -0.8 -0.5 -0.2 -0.8 68
-0.526565 -0.0345428 0 -0.7 -0.5 -0.2 -0.7 69
-0.527318 -0.0585104 0 -0.6 -0.5 -0.2 -0.6 70
-0.526549 -0.0825481 0 -0.5 -0.5 -0.2 -0.5 71
-0.524252 -0.106547 0 -0.4 -0.5 -0.2 -0.4 72
-0.520432 -0.1304 0 -0.3 -0.5 -0.2 -0.3 73
-0.515101 -0.153997 0 -0.2 -0.5 -0.2 -0.2 74
-0.508281 -0.177232 0 -0.1 -0.5 -0.2 -0.1 75
-0.5 -0.2 0 0 -0.5 -0.2 0 76
-0.490295 -0.222198 0 0.1 -0.5 -0.2 0.1 77
-0.479209 -0.243727 0 0.2 -0.5 -0.2 0.2 78
-0.466795 -0.264491 0 0.3 -0.5 -0.2 0.3 79
-0.453111 -0.284398 0 0.4 -0.5 -0.2 0.4 80
-0.438224 -0.303361 0 0.5 -0.5 -0.2 0.5 81
-0.422203 -0.321298 0 0.6 -0.5 -0.2 0.6 82
-0.405128 -0.338134 0 0.7 -0.5 -0.2 0.7 83
-0.387081 -0.3538 0 0.8 -0.5 -0.2 0.8 84
-0.489995 0.0803851 0 -0.8 -0.5 -0.1 -0.8 85
-0.496206 0.0586265 0 -0.7 -0.5 -0.1 -0.7 86
-0.50104 0.0364418 0 -0.6 -0.5 -0.1 -0.6 87
-0.504467 0.0139291 0 -0.5 -0.5 -0.1 -0.5 88
-0.506467 -0.00881116 0 -0.4 -0.5 -0.1 -0.4 89
-0.507022 -0.0316771 0 -0.3 -0.5 -0.1 -0.3 90
-0.506128 -0.0545659 0 -0.2 -0.5 -0.1 -0.2 91
-0.503784 -0.0773744 0 -0.1 -0.5 -0.1 -0.1 92
-0.5 -0.1 0 0 -0.5 -0.1 0 93
-0.494791 -0.122341 0 0.1 -0.5 -0.1 0.1 94
-0.488182 -0.144296 0 0.2 -0.5 -0.1 0.2 95
-0.480204 -0.165768 0 0.3 -0.5 -0.1 0.3 96
-0.470896 -0.186661 0 0.4 -0.5 -0.1 0.4 97
-0.460305 -0.206884 0 0.5 -0.5 -0.1 0.5 98
-0.448482 -0.226346 0 0.6 -0.5 -0.1 0.6 99
-0.435487 -0.244965 0 0.7 -0.5 -0.1 0.7 100
-0.421386 -0.262661 0 0.8 -0.5 -0.1 0.8 101
-0.455691 0.171523 0 -0.8 -0.5 0 -0.8 102
-0.465847 0.151796 0 -0.7 -0.5 0 -0.7 103
-0.474761 0.131394 0 -0.6 -0.5 0 -0.6 104
-0.482386 0.110406 0 -0.5 -0.5 0 -0.5 105
-0.488681 0.0889251 0 -0.4 -0.5 0 -0.4 106
-0.493613 0.0670456 0 -0.3 -0.5 0 -0.3 107
-0.497155 0.0448652 0 -0.2 -0.5 0 -0.2 108
-0.499288 0.0224831 0 -0.1 -0.5 0 -0.1 109
-0.5 0 0 0 -0.5 0 0 110
-0.499288 -0.0224831 0 0.1 -0.5 0 0.1 111
-0.497155 -0.0448652 0 0.2 -0.5 0 0.2 112
-0.493613 -0.0670456 0 0.3 -0.5 0 0.3 113
-0.488681 -0.0889251 0 0.4 -0.5 0 0.4 114
-0.482386 -0.110406 0 0.5 -0.5 0 0.5 115
-0.474761 -0.131394 0 0.6 -0.5 0 0.6 116
-0.465847 -0.151796 0 0.7 -0.5 0 0.7 117
-0.455691 -0.171523 0 0.8 -0.5 0 0.8 118
-0.421386 0.262661 0 -0.8 -0.5 0.1 -0.8 119
-0.435487 0.244965 0 -0.7 -0.5 0.1 -0.7 120
-0.448482 0.226346 0 -0.6 -0.5 0.1 -0.6 121
-0.460305 0.206884 0 -0.5 -0.5 0.1 -0.5 122
-0.470896 0.186661 0 -0.4 -0.5 0.1 -0.4 123
-0.480204 0.165768 0 -0.3 -0.5 0.1 -0.3 124
-0.488182 0.144296 0 -0.2 -0.5 0.1 -0.2 125
-0.494791 0.122341 0 -0.1 -0.5 0.1 -0.1 126
-0.5 0.1 0 0 -0.5 0.1 0 127
-0.503784 0.0773744 0 0.1 -0.5 0.1 0.1 128
-0.506128 0.0545659 0 0.2 -0.5 0.1 0.2 129
-0.507022 0.0316771 0 0.3 -0.5 0.1 0.3 130
-0.506467 0.00881116 0 0.4 -0.5 0.1 0.4 131
-0.504467 -0.0139291 0 0.5 -0.5 0.1 0.5 132
-0.50104 -0.0364418 0 0.6 -0.5 0.1 0.6 133
-0.496206 -0.0586265 0 0.7 -0.5 0.1 0.7 134
-0.489995 -0.0803851 0 0.8 -0.5 0.1 0.8 135
-0.387081 0.3538 0 -0.8 -0.5 0.2 -0.8 136
-0.405128 0.338134 0 -0.7 -0.5 0.2 -0.7 137
-0.422203 0.321298 0 -0.6 -0.5 0.2 -0.6 138
-0.438224 0.303361 0 -0.5 -0.5 0.2 -0.5 139
-0.453111 0.284398 0 -0.4 -0.5 0.2 -0.4 140
-0.466795 0.264491 0 -0.3 -0.5 0.2 -0.3 141
-0.479209 0.243727 0 -0.2 -0.5 0.2 -0.2 142
-0.490295 0.222198 0 -0.1 -0.5 0.2 -0.1 143
-0.5 0.2 0 0 -0.5 0.2 0 144
-0.508281 0.177232 0 0.1 -0.5 0.2 0.1 145
-0.515101 0.153997 0 0.2 -0.5 0.2 0.2 146
-0.520432 0.1304 0 0.3 -0.5 0.2 0.3 147
-0.524252 0.106547 0 0.4 -0.5 0.2 0.4 148
-0.526549 0.0825481 0 0.5 -0.5 0.2 0.5 149
-0.527318 0.0585104 0 0.6 -0.5 0.2 0.6 150
-0.526565 0.0345428 0 0.7 -0.5 0.2 0.7 151
-0.5243 0.010753 0 0.8 -0.5 0.2 0.8 152
-0.352777 0.444938 0 -0.8 -0.5 0.3 -0.8 153
-0.374769 0.431304 0 -0.7 -0.5 0.3 -0.7 154
-0.395924 0.41625 0 -0.6 -0.5 0.3 -0.6 155
-0.416142 0.399838 0 -0.5 -0.5 0.3 -0.5 156
-0.435326 0.382134 0 -0.4 -0.5 0.3 -0.4 157
-0.453386 0.363214 0 -0.3 -0.5 0.3 -0.3 158
-0.470236 0.343158 0 -0.2 -0.5 0.3 -0.2 159
-0.485798 0.322056 0 -0.1 -0.5 0.3 -0.1 160
-0.5 0.3 0 0 -0.5 0.3 0 161
-0.512778 0.27709 0 0.1 -0.5 0.3 0.1 162
-0.524074 0.253428 0 0.2 -0.5 0.3 0.2 163
-0.533841 0.229122 0 0.3 -0.5 0.3 0.3 164
-0.542037 0.204284 0 0.4 -0.5 0.3 0.4 165
-0.54863 0.179025 0 0.5 -0.5 0.3 0.5 166
-0.553597 0.153463 0 0.6 -0.5 0.3 0.6 167
-0.556924 0.127712 0 0.7 -0.5 0.3 0.7 168
-0.558605 0.101891 0 0.8 -0.5 0.3 0.8 169
-0.318472 0.536076 0 -0.8 -0.5 0.4 -0.8 170
-0.34441 0.524473 0 -0.7 -0.5 0.4 -0.7 171
-0.369646 0.511203 0 -0.6 -0.5 0.4 -0.6 172
-0.394061 0.496315 0 -0.5 -0.5 0.4 -0.5 173
-0.417541 0.47987 0 -0.4 -0.5 0.4 -0.4 174
-0.439977 0.461936 0 -0.3 -0.5 0.4 -0.3 175
-0.461263 0.442589 0 -0.2 -0.5 0.4 -0.2 176
-0.481301 0.421913 0 -0.1 -0.5 0.4 -0.1 177
-0.5 0.4 0 0 -0.5 0.4 0 178
-0.517274 0.376947 0 0.1 -0.5 0.4 0.1 179
-0.533047 0.352859 0 0.2 -0.5 0.4 0.2 180
-0.54725 0.327845 0 0.3 -0.5 0.4 0.3 181
-0.559822 0.30202 0 0.4 -0.5 0.4 0.4 182
-0.570711 0.275503 0 0.5 -0.5 0.4 0.5 183
-0.579876 0.248415 0 0.6 -0.5 0.4 0.6 184
-0.587283 0.220881 0 0.7 -0.5 0.4 0.7 185
-0.592909 0.193029 0 0.8 -0.5 0.4 0.8 186
-0.284167 0.627214 0 -0.8 -0.5 0.5 -0.8 187
-0.314051 0.617642 0 -0.7 -0.5 0.5 -0.7 188
-0.343367 0.606155 0 -0.6 -0.5 0.5 -0.6 189
-0.37198 0.592792 0 -0.5 -0.5 0.5 -0.5 190
-0.399756 0.577607 0 -0.4 -0.5 0.5 -0.4 191
-0.426568 0.560659 0 -0.3 -0.5 0.5 -0.3 192
-0.45229 0.54202 0 -0.2 -0.5 0.5 -0.2 193
-0.476805 0.521771 0 -0.1 -0.5 0.5 -0.1 194
-0.5 0.5 0 0 -0.5 0.5 0 195
-0.521771 0.476805 0 0.1 -0.5 0.5 0.1 196
-0.54202 0.45229 0 0.2 -0.5 0.5 0.2 197
-0.560659 0.426568 0 0.3 -0.5 0.5 0.3 198
-0.577607 0.399756 0 0.4 -0.5 0.5 0.4 199
-0.592792 0.37198 0 0.5 -0.5 0.5 0.5 200
-0.606155 0.343367 0 0.6 -0.5 0.5 0.6 201
-0.617642 0.314051 0 0.7 -0.5 0.5 0.7 202
-0.627214 0.284167 0 0.8 -0.5 0.5 0.8 203
-0.249863 0.718352 0 -0.8 -0.5 0.6 -0.8 204
-0.283692 0.710812 0 -0.7 -0.5 0.6 -0.7 205
-0.317088 0.701107 0 -0.6 -0.5 0.6 -0.6 206
-0.349899 0.68927 0 -0.5 -0.5 0.6 -0.5 207
-0.381971 0.675343 0 -0.4 -0.5 0.6 -0.4 208
-0.413159 0.659382 0 -0.3 -0.5 0.6 -0.3 209
-0.443317 0.641451 0 -0.2 -0.5 0.6 -0.2 210
-0.472308 0.621629 0 -0.1 -0.5 0.6 -0.1 211
-0.5 0.6 0 0 -0.5 0.6 0 212
-0.526268 0.576662 0 0.1 -0.5 0.6 0.1 213
-0.550993 0.551721 0 0.2 -0.5 0.6 0.2 214
-0.574068 0.52529 0 0.3 -0.5 0.6 0.3 215
-0.595392 0.497493 0 0.4 -0.5 0.6 0.4 216
-0.614874 0.468457 0 0.5 -0.5 0.6 0.5 217
-0.632434 0.438319 0 0.6 -0.5 0.6 0.6 218
-0.648002 0.40722 0 0.7 -0.5 0.6 0.7 219
-0.661519 0.375306 0 0.8 -0.5 0.6 0.8 220
-0.570381 -0.40961 0 -0.8 -0.4 -0.6 -0.8 221
-0.554832 -0.437579 0 -0.7 -0.4 -0.6 -0.7 222
-0.537481 -0.464598 0 -0.6 -0.4 -0.6 -0.6 223
-0.518396 -0.490538 0 -0.5 -0.4 -0.6 -0.5 224
-0.497655 -0.515278 0 -0.4 -0.4 -0.6 -0.4 225
-0.475345 -0.5387 0 -0.3 -0.4 -0.6 -0.3 226
-0.451562 -0.560694 0 -0.2 -0.4 -0.6 -0.2 227
-0.42641 -0.581159 0 -0.1 -0.4 -0.6 -0.1 228
-0.4 -0.6 0 0 -0.4 -0.6 0 229
-0.37245 -0.617132 0 0.1 -0.4 -0.6 0.1 230
-0.343886 -0.632478 0 0.2 -0.4 -0.6 0.2 231
-0.314436 -0.645972 0 0.3 -0.4 -0.6 0.3 232
-0.284235 -0.657558 0 0.4 -0.4 -0.6 0.4 233
-0.253421 -0.667188 0 0.5 -0.4 -0.6 0.5 234
-0.222136 -0.674828 0 0.6 -0.4 -0.6 0.6 235
-0.190522 -0.680452 0 0.7 -0.4 -0.6 0.7 236
-0.158725 -0.684048 0 0.8 -0.4 -0.6 0.8 237
-0.536076 -0.318472 0 -0.8 -0.4 -0.5 -0.8 238
-0.524473 -0.34441 0 -0.7 -0.4 -0.5 -0.7 239
-0.511203 -0.369646 0 -0.6 -0.4 -0.5 -0.6 240
-0.496315 -0.394061 0 -0.5 -0.4 -0.5 -0.5 241
-0.47987 -0.417541 0 -0.4 -0.4 -0.5 -0.4 242
-0.461936 -0.439977 0 -0.3 -0.4 -0.5 -0.3 243
-0.442589 -0.461263 0 -0.2 -0.4 -0.5 -0.2 244
-0.421913 -0.481301 0 -0.1 -0.4 -0.5 -0.1 245
-0.4 -0.5 0 0 -0.4 -0.5 0 246
-0.376947 -0.517274 0 0.1 -0.4 -0.5 0.1 247
-0.352859 -0.533047 0 0.2 -0.4 -0.5 0.2 248
-0.327845 -0.54725 0 0.3 -0.4 -0.5 0.3 249
-0.30202 -0.559822 0 0.4 -0.4 -0.5 0.4 250
-0.275503 -0.570711 0 0.5 -0.4 -0.5 0.5 251
-0.248415 -0.579876 0 0.6 -0.4 -0.5 0.6 252
-0.220881 -0.587283 0 0.7 -0.4 -0.5 0.7 253
-0.193029 -0.592909 0 0.8 -0.4 -0.5 0.8 254
-0.501771 -0.227334 0 -0.8 -0.4 -0.4 -0.8 255
-0.494114 -0.251241 0 -0.7 -0.4 -0.4 -0.7 256
-0.484924 -0.274694 0 -0.6 -0.4 -0.4 -0.6 257
-0.474234 -0.297584 0 -0.5 -0.4 -0.4 -0.5 258
-0.462085 -0.319805 0 -0.4 -0.4 -0.4 -0.4 259
-0.448527 -0.341254 0 -0.3 -0.4 -0.4 -0.3 260
-0.433616 -0.361832 0 -0.2 -0.4 -0.4 -0.2 261
-0.417417 -0.381444 0 -0.1 -0.4 -0.4 -0.1 262
-0.4 -0.4 0 0 -0.4 -0.4 0 263
-0.381444 -0.417417 0 0.1 -0.4 -0.4 0.1 264
-0.361832 -0.433616 0 0.2 -0.4 -0.4 0.2 265
-0.341254 -0.448527 0 0.3 -0.4 -0.4 0.3 266
-0.319805 -0.462085 0 0.4 -0.4 -0.4 0.4 267
-0.297584 -0.474234 0 0.5 -0.4 -0.4 0.5 268
-0.274694 -0.484924 0 0.6 -0.4 -0.4 0.6 269
-0.251241 -0.494114 0 0.7 -0.4 -0.4 0.7 270
-0.227334 -0.501771 0 0.8 -0.4 -0.4 0.8 271
-0.467467 -0.136196 0 -0.8 -0.4 -0.3 -0.8 272
-0.463755 -0.158071 0 -0.7 -0.4 -0.3 -0.7 273
-0.458645 -0.179741 0 -0.6 -0.4 -0.3 -0.6 274
-0.452153 -0.201107 0 -0.5 -0.4 -0.3 -0.5 275
-0.4443 -0.222069 0 -0.4 -0.4 -0.3 -0.4 276
-0.435118 -0.242532 0 -0.3 -0.4 -0.3 -0.3 277
-0.424643 -0.262401 0 -0.2 -0.4 -0.3 -0.2 278
-0.41292 -0.281586 0 -0.1 -0.4 -0.3 -0.1 279
-0.4 -0.3 0 0 -0.4 -0.3 0 280
-0.38594 -0.317559 0 0.1 -0.4 -0.3 0.1 281
-0.370805 -0.334185 0 0.2 -0.4 -0.3 0.2 282
-0.354663 -0.349804 0 0.3 -0.4 -0.3 0.3 283
-0.33759 -0.364349 0 0.4 -0.4 -0.3 0.4 284
-0.319665 -0.377757 0 0.5 -0.4 -0.3 0.5 285
-0.300972 -0.389972 0 0.6 -0.4 -0.3 0.6 286
-0.2816 -0.400945 0 0.7 -0.4 -0.3 0.7 287
-0.261639 -0.410633 0 0.8 -0.4 -0.3 0.8 288
-0.433162 -0.0450577 0 -0.8 -0.4 -0.2 -0.8 289
-0.433396 -0.0649019 0 -0.7 -0.4 -0.2 -0.7 290
-0.432366 -0.0847892 0 -0.6 -0.4 -0.2 -0.6 291
-0.430071 -0.104629 0 -0.5 -0.4 -0.2 -0.5 292
-0.426515 -0.124332 0 -0.4 -0.4 -0.2 -0.4 293
-0.421709 -0.143809 0 -0.3 -0.4 -0.2 -0.3 294
-0.41567 -0.16297 0 -0.2 -0.4 -0.2 -0.2 295
-0.408424 -0.181729 0 -0.1 -0.4 -0.2 -0.1 296
-0.4 -0.2 0 0 -0.4 -0.2 0 297
-0.390437 -0.217702 0 0.1 -0.4 -0.2 0.1 298
-0.379778 -0.234754 0 0.2 -0.4 -0.2 0.2 299
-0.368072 -0.251082 0 0.3 -0.4 -0.2 0.3 300
-0.355375 -0.266613 0 0.4 -0.4 -0.2 0.4 301
-0.341746 -0.281279 0 0.5 -0.4 -0.2 0.5 302
-0.327251 -0.295019 0 0.6 -0.4 -0.2 0.6 303
-0.311959 -0.307775 0 0.7 -0.4 -0.2 0.7 304
-0.295943 -0.319495 0 0.8 -0.4 -0.2 0.8 305
-0.398857 0.0460805 0 -0.8 -0.4 -0.1 -0.8 306
-0.403036 0.0282674 0 -0.7 -0.4 -0.1 -0.7 307
-0.406087 0.010163 0 -0.6 -0.4 -0.1 -0.6 308
-0.40799 -0.00815218 0 -0.5 -0.4 -0.1 -0.5 309
-0.40873 -0.0265962 0 -0.4 -0.4 -0.1 -0.4 310
-0.4083 -0.0450862 0 -0.3 -0.4 -0.1 -0.3 311
-0.406697 -0.0635389 0 -0.2 -0.4 -0.1 -0.2 312
-0.403927 -0.0818711 0 -0.1 -0.4 -0.1 -0.1 313
-0.4 -0.1 0 0 -0.4 -0.1 0 314
-0.394934 -0.117844 0 0.1 -0.4 -0.1 0.1 315
-0.388751 -0.135323 0 0.2 -0.4 -0.1 0.2 316
-0.381482 -0.152359 0 0.3 -0.4 -0.1 0.3 317
-0.37316 -0.168876 0 0.4 -0.4 -0.1 0.4 318
-0.363828 -0.184802 0 0.5 -0.4 -0.1 0.5 319
-0.35353 -0.200067 0 0.6 -0.4 -0.1 0.6 320
-0.342318 -0.214606 0 0.7 -0.4 -0.1 0.7 321
-0.330248 -0.228357 0 0.8 -0.4 -0.1 0.8 322
-0.364553 0.137219 0 -0.8 -0.4 0 -0.8 323
-0.372677 0.121437 0 -0.7 -0.4 0 -0.7 324
-0.379809 0.105115 0 -0.6 -0.4 0 -0.6 325
-0.385909 0.088325 0 -0.5 -0.4 0 -0.5 326
-0.390945 0.0711401 0 -0.4 -0.4 0 -0.4 327
-0.394891 0.0536365 0 -0.3 -0.4 0 -0.3 328
-0.397724 0.0358921 0 -0.2 -0.4 0 -0.2 329
-0.39943 0.0179865 0 -0.1 -0.4 0 -0.1 330
-0.4 0 0 0 -0.4 0 0 331
-0.39943 -0.0179865 0 0.1 -0.4 0 0.1 332
-0.397724 -0.0358921 0 0.2 -0.4 0 0.2 333
-0.394891 -0.0536365 0 0.3 -0.4 0 0.3 334
-0.390945 -0.0711401 0 0.4 -0.4 0 0.4 335
-0.385909 -0.088325 0 0.5 -0.4 0 0.5 336
-0.379809 -0.105115 0 0.6 -0.4 0 0.6 337
-0.372677 -0.121437 0 0.7 -0.4 0 0.7 338
-0.364553 -0.137219 0 0.8 -0.4 0 0.8 339
-0.330248 0.228357 0 -0.8 -0.4 0.1 -0.8 340
-0.342318 0.214606 0 -0.7 -0.4 0.1 -0.7 341
-0.35353 0.200067 0 -0.6 -0.4 0.1 -0.6 342
-0.363828 0.184802 0 -0.5 -0.4 0.1 -0.5 343
-0.37316 0.168876 0 -0.4 -0.4 0.1 -0.4 344
-0.381482 0.152359 0 -0.3 -0.4 0.1 -0.3 345
-0.388751 0.135323 0 -0.2 -0.4 0.1 -0.2 346
-0.394934 0.117844 0 -0.1 -0.4 0.1 -0.1 347
-0.4 0.1 0 0 -0.4 0.1 0 348
-0.403927 0.0818711 0 0.1 -0.4 0.1 0.1 349
-0.406697 0.0635389 0 0.2 -0.4 0.1 0.2 350
-0.4083 0.0450862 0 0.3 -0.4 0.1 0.3 351
-0.40873 0.0265962 0 0.4 -0.4 0.1 0.4 352
-0.40799 0.00815218 0 0.5 -0.4 0.1 0.5 353
-0.406087 -0.010163 0 0.6 -0.4 0.1 0.6 354
-0.403036 -0.0282674 0 0.7 -0.4 0.1 0.7 355
-0.398857 -0.0460805 0 0.8 -0.4 0.1 0.8 356
-0.295943 0.319495 0 -0.8 -0.4 0.2 -0.8 357
-0.311959 0.307775 0 -0.7 -0.4 0.2 -0.7 358
-0.327251 0.295019 0 -0.6 -0.4 0.2 -0.6 359
-0.341746 0.281279 0 -0.5 -0.4 0.2 -0.5 360
-0.355375 0.266613 0 -0.4 -0.4 0.2 -0.4 361
-0.368072 0.251082 0 -0.3 -0.4 0.2 -0.3 362
-0.379778 0.234754 0 -0.2 -0.4 0.2 -0.2 363
-0.390437 0.217702 0 -0.1 -0.4 0.2 -0.1 364
-0.4 0.2 0 0 -0.4 0.2 0 365
-0.408424 0.181729 0 0.1 -0.4 0.2 0.1 366
-0.41567 0.16297 0 0.2 -0.4 0.2 0.2 367
-0.421709 0.143809 0 0.3 -0.4 0.2 0.3 368
-0.426515 0.124332 0 0.4 -0.4 0.2 0.4 369
-0.430071 0.104629 0 0.5 -0.4 0.2 0.5 370
-0.432366 0.0847892 0 0.6 -0.4 0.2 0.6 371
-0.433396 0.0649019 0 0.7 -0.4 0.2 0.7 372
-0.433162 0.0450577 0 0.8 -0.4 0.2 0.8 373
-0.261639 0.410633 0 -0.8 -0.4 0.3 -0.8 374
-0.2816 0.400945 0 -0.7 -0.4 0.3 -0.7 375
-0.300972 0.389972 0 -0.6 -0.4 0.3 -0.6 376
-0.319665 0.377757 0 -0.5 -0.4 0.3 -0.5 377
-0.33759 0.364349 0 -0.4 -0.4 0.3 -0.4 378
-0.354663 0.349804 0 -0.3 -0.4 0.3 -0.3 379
-0.370805 0.334185 0 -0.2 -0.4 0.3 -0.2 380
-0.38594 0.317559 0 -0.1 -0.4 0.3 -0.1 381
-0.4 0.3 0 0 -0.4 0.3 0 382
-0.41292 0.281586 0 0.1 -0.4 0.3 0.1 383
-0.424643 0.262401 0 0.2 -0.4 0.3 0.2 384
-0.435118 0.242532 0 0.3 -0.4 0.3 0.3 385
-0.4443 0.222069 0 0.4 -0.4 0.3 0.4 386
-0.452153 0.201107 0 0.5 -0.4 0.3 0.5 387
-0.458645 0.179741 0 0.6 -0.4 0.3 0.6 388
-0.463755 0.158071 0 0.7 -0.4 0.3 0.7 389
-0.467467 0.136196 0 0.8 -0.4 0.3 0.8 390
-0.227334 0.501771 0 -0.8 -0.4 0.4 -0.8 391
-0.251241 0.494114 0 -0.7 -0.4 0.4 -0.7 392
-0.274694 0.484924 0 -0.6 -0.4 0.4 -0.6 393
-0.297584 0.474234 0 -0.5 -0.4 0.4 -0.5 394
-0.319805 0.462085 0 -0.4 -0.4 0.4 -0.4 395
-0.341254 0.448527 0 -0.3 -0.4 0.4 -0.3 396
-0.361832 0.433616 0 -0.2 -0.4 0.4 -0.2 397
-0.381444 0.417417 0 -0.1 -0.4 0.4 -0.1 398
-0.4 0.4 0 0 -0.4 0.4 0 399
-0.417417 0.381444 0 0.1 -0.4 0.4 0.1 400
-0.433616 0.361832 0 0.2 -0.4 0.4 0.2 401
-0.448527 0.341254 0 0.3 -0.4 0.4 0.3 402
-0.462085 0.319805 0 0.4 -0.4 0.4 0.4 403
-0.474234 0.297584 0 0.5 -0.4 0.4 0.5 404
-0.484924 0.274694 0 0.6 -0.4 0.4 0.6 405
-0.494114 0.251241 0 0.7 -0.4 0.4 0.7 406
-0.501771 0.227334 0 0.8 -0.4 0.4 0.8 407
-0.193029 0.592909 0 -0.8 -0.4 0.5 -0.8 408
-0.220881 0.587283 0 -0.7 -0.4 0.5 -0.7 409
-0.248415 0.579876 0 -0.6 -0.4 0.5 -0.6 410
-0.275503 0.570711 0 -0.5 -0.4 0.5 -0.5 411
-0.30202 0.559822 0 -0.4 -0.4 0.5 -0.4 412
-0.327845 0.54725 0 -0.3 -0.4 0.5 -0.3 413
-0.352859 0.533047 0 -0.2 -0.4 0.5 -0.2 414
-0.376947 0.517274 0 -0.1 -0.4 0.5 -0.1 415
-0.4 0.5 0 0 -0.4 0.5 0 416
-0.421913 0.481301 0 0.1 -0.4 0.5 0.1 417
-0.442589 0.461263 0 0.2 -0.4 0.5 0.2 418
-0.461936 0.439977 0 0.3 -0.4 0.5 0.3 419
-0.47987 0.417541 0 0.4 -0.4 0.5 0.4 420
-0.496315 0.394061 0 0.5 -0.4 0.5 0.5 421
-0.511203 0.369646 0 0.6 -0.4 0.5 0.6 422
-0.524473 0.34441 0 0.7 -0.4 0.5 0.7 423
-0.536076 0.318472 0 0.8 -0.4 0.5 0.8 424
-0.158725 0.684048 0 -0.8 -0.4 0.6 -0.8 425
-0.190522 0.680452 0 -0.7 -0.4 0.6 -0.7 426
-0.222136 0.674828 0 -0.6 -0.4 0.6 -0.6 427
-0.253421 0.667188 0 -0.5 -0.4 0.6 -0.5 428
-0.284235 0.657558 0 -0.4 -0.4 0.6 -0.4 429
-0.314436 0.645972 0 -0.3 -0.4 0.6 -0.3 430
-0.343886 0.632478 0 -0.2 -0.4 0.6 -0.2 431
-0.37245 0.617132 0 -0.1 -0.4 0.6 -0.1 432
-0.4 0.6 0 0 -0.4 0.6 0 433
-0.42641 0.581159 0 0.1 -0.4 0.6 0.1 434
-0.451562 0.560694 0 0.2 -0.4 0.6 0.2 435
-0.475345 0.5387 0 0.3 -0.4 0.6 0.3 436
-0.497655 0.515278 0 0.4 -0.4 0.6 0.4 437
-0.518396 0.490538 0 0.5 -0.4 0.6 0.5 438
-0.537481 0.464598 0 0.6 -0.4 0.6 0.6 439
-0.554832 0.437579 0 0.7 -0.4 0.6 0.7 440
-0.570381 0.40961 0 0.8 -0.4 0.6 0.8 441
-0.479242 -0.443915 0 -0.8 -0.3 -0.6 -0.8 442
-0.461663 -0.467938 0 -0.7 -0.3 -0.6 -0.7 443
-0.442529 -0.490877 0 -0.6 -0.3 -0.6 -0.6 444
-0.421919 -0.51262 0 -0.5 -0.3 -0.6 -0.5 445
-0.399919 -0.533063 0 -0.4 -0.3 -0.6 -0.4 446
-0.376623 -0.552109 0 -0.3 -0.3 -0.6 -0.3 447
-0.352131 -0.569667 0 -0.2 -0.3 -0.6 -0.2 448
-0.326552 -0.585656 0 -0.1 -0.3 -0.6 -0.1 449
-0.3 -0.6 0 0 -0.3 -0.6 0 450
-0.272593 -0.612635 0 0.1 -0.3 -0.6 0.1 451
-0.244455 -0.623505 0 0.2 -0.3 -0.6 0.2 452
-0.215713 -0.632563 0 0.3 -0.3 -0.6 0.3 453
-0.186499 -0.639773 0 0.4 -0.3 -0.6 0.4 454
-0.156944 -0.645107 0 0.5 -0.3 -0.6 0.5 455
-0.127184 -0.648549 0 0.6 -0.3 -0.6 0.6 456
-0.0973529 -0.650093 0 0.7 -0.3 -0.6 0.7 457
-0.0675865 -0.649743 0 0.8 -0.3 -0.6 0.8 458
-0.444938 -0.352777 0 -0.8 -0.3 -0.5 -0.8 459
-0.431304 -0.374769 0 -0.7 -0.3 -0.5 -0.7 460
-0.41625 -0.395924 0 -0.6 -0.3 -0.5 -0.6 461
-0.399838 -0.416142 0 -0.5 -0.3 -0.5 -0.5 462
-0.382134 -0.435326 0 -0.4 -0.3 -0.5 -0.4 463
-0.363214 -0.453386 0 -0.3 -0.3 -0.5 -0.3 464
-0.343158 -0.470236 0 -0.2 -0.3 -0.5 -0.2 465
-0.322056 -0.485798 0 -0.1 -0.3 -0.5 -0.1 466
-0.3 -0.5 0 0 -0.3 -0.5 0 467
-0.27709 -0.512778 0 0.1 -0.3 -0.5 0.1 468
-0.253428 -0.524074 0 0.2 -0.3 -0.5 0.2 469
-0.229122 -0.533841 0 0.3 -0.3 -0.5 0.3 470
-0.204284 -0.542037 0 0.4 -0.3 -0.5 0.4 471
-0.179025 -0.54863 0 0.5 -0.3 -0.5 0.5 472
-0.153463 -0.553597 0 0.6 -0.3 -0.5 0.6 473
-0.127712 -0.556924 0 0.7 -0.3 -0.5 0.7 474
-0.101891 -0.558605 0 0.8 -0.3 -0.5 0.8 475
-0.410633 -0.261639 0 -0.8 -0.3 -0.4 -0.8 476
-0.400945 -0.2816 0 -0.7 -0.3 -0.4 -0.7 477
-0.389972 -0.300972 0 -0.6 -0.3 -0.4 -0.6 478
-0.377757 -0.319665 0 -0.5 -0.3 -0.4 -0.5 479
-0.364349 -0.33759 0 -0.4 -0.3 -0.4 -0.4 480
-0.349804 -0.354663 0 -0.3 -0.3 -0.4 -0.3 481
-0.334185 -0.370805 0 -0.2 -0.3 -0.4 -0.2 482
-0.317559 -0.38594 0 -0.1 -0.3 -0.4 -0.1 483
-0.3 -0.4 0 0 -0.3 -0.4 0 484
-0.281586 -0.41292 0 0.1 -0.3 -0.4 0.1 485
-0.262401 -0.424643 0 0.2 -0.3 -0.4 0.2 486
-0.242532 -0.435118 0 0.3 -0.3 -0.4 0.3 487
-0.222069 -0.4443 0 0.4 -0.3 -0.4 0.4 488
-0.201107 -0.452153 0 0.5 -0.3 -0.4 0.5 489
-0.179741 -0.458645 0 0.6 -0.3 -0.4 0.6 490
-0.158071 -0.463755 0 0.7 -0.3 -0.4 0.7 491
-0.136196 -0.467467 0 0.8 -0.3 -0.4 0.8 492
-0.376328 -0.1705 0 -0.8 -0.3 -0.3 -0.8 493
-0.370585 -0.18843 0 -0.7 -0.3 -0.3 -0.7 494
-0.363693 -0.20602 0 -0.6 -0.3 -0.3 -0.6 495
-0.355675 -0.223188 0 -0.5 -0.3 -0.3 -0.5 496
-0.346564 -0.239854 0 -0.4 -0.3 -0.3 -0.4 497
-0.336395 -0.255941 0 -0.3 -0.3 -0.3 -0.3 498
-0.325212 -0.271374 0 -0.2 -0.3 -0.3 -0.2 499
-0.313063 -0.286083 0 -0.1 -0.3 -0.3 -0.1 500
-0.3 -0.3 0 0 -0.3 -0.3 0 501
-0.286083 -0.313063 0 0.1 -0.3 -0.3 0.1 502
-0.271374 -0.325212 0 0.2 -0.3 -0.3 0.2 503
-0.255941 -0.336395 0 0.3 -0.3 -0.3 0.3 504
-0.239854 -0.346564 0 0.4 -0.3 -0.3 0.4 505
-0.223188 -0.355675 0 0.5 -0.3 -0.3 0.5 506
-0.20602 -0.363693 0 0.6 -0.3 -0.3 0.6 507
-0.18843 -0.370585 0 0.7 -0.3 -0.3 0.7 508
-0.1705 -0.376328 0 0.8 -0.3 -0.3 0.8 509
-0.342024 -0.0793623 0 -0.8 -0.3 -0.2 -0.8 510
-0.340226 -0.0952611 0 -0.7 -0.3 -0.2 -0.7 511
-0.337414 -0.111068 0 -0.6 -0.3 -0.2 -0.6 512
-0.333594 -0.126711 0 -0.5 -0.3 -0.2 -0.5 513
-0.328779 -0.142118 0 -0.4 -0.3 -0.2 -0.4 514
-0.322986 -0.157218 0 -0.3 -0.3 -0.2 -0.3 515
-0.316239 -0.171943 0 -0.2 -0.3 -0.2 -0.2 516
-0.308566 -0.186225 0 -0.1 -0.3 -0.2 -0.1 517
-0.3 -0.2 0 0 -0.3 -0.2 0 518
-0.290579 -0.213205 0 0.1 -0.3 -0.2 0.1 519
-0.280347 -0.225781 0 0.2 -0.3 -0.2 0.2 520
-0.26935 -0.237673 0 0.3 -0.3 -0.2 0.3 521
-0.257639 -0.248828 0 0.4 -0.3 -0.2 0.4 522
-0.245269 -0.259198 0 0.5 -0.3 -0.2 0.5 523
-0.232299 -0.268741 0 0.6 -0.3 -0.2 0.6 524
-0.21879 -0.277416 0 0.7 -0.3 -0.2 0.7 525
-0.204805 -0.28519 0 0.8 -0.3 -0.2 0.8 526
-0.307719 0.0117758 0 -0.8 -0.3 -0.1 -0.8 527
-0.309867 -0.00209181 0 -0.7 -0.3 -0.1 -0.7 528
-0.311135 -0.0161158 0 -0.6 -0.3 -0.1 -0.6 529
-0.311513 -0.0302334 0 -0.5 -0.3 -0.1 -0.5 530
-0.310994 -0.0443812 0 -0.4 -0.3 -0.1 -0.4 531
-0.309577 -0.0584953 0 -0.3 -0.3 -0.1 -0.3 532
-0.307266 -0.0725119 0 -0.2 -0.3 -0.1 -0.2 533
-0.304069 -0.0863677 0 -0.1 -0.3 -0.1 -0.1 534
-0.3 -0.1 0 0 -0.3 -0.1 0 535
-0.295076 -0.113347 0 0.1 -0.3 -0.1 0.1 536
-0.28932 -0.12635 0 0.2 -0.3 -0.1 0.2 537
-0.282759 -0.13895 0 0.3 -0.3 -0.1 0.3 538
-0.275424 -0.151091 0 0.4 -0.3 -0.1 0.4 539
-0.26735 -0.162721 0 0.5 -0.3 -0.1 0.5 540
-0.258578 -0.173789 0 0.6 -0.3 -0.1 0.6 541
-0.249149 -0.184247 0 0.7 -0.3 -0.1 0.7 542
-0.23911 -0.194052 0 0.8 -0.3 -0.1 0.8 543
-0.273414 0.102914 0 -0.8 -0.3 0 -0.8 544
-0.279508 0.0910775 0 -0.7 -0.3 0 -0.7 545
-0.284857 0.0788364 0 -0.6 -0.3 0 -0.6 546
-0.289432 0.0662438 0 -0.5 -0.3 0 -0.5 547
-0.293209 0.0533551 0 -0.4 -0.3 0 -0.4 548
-0.296168 0.0402274 0 -0.3 -0.3 0 -0.3 549
-0.298293 0.0269191 0 -0.2 -0.3 0 -0.2 550
-0.299573 0.0134899 0 -0.1 -0.3 0 -0.1 551
-0.3 0 0 0 -0.3 0 0 552
-0.299573 -0.0134899 0 0.1 -0.3 0 0.1 553
-0.298293 -0.0269191 0 0.2 -0.3 0 0.2 554
-0.296168 -0.0402274 0 0.3 -0.3 0 0.3 555
-0.293209 -0.0533551 0 0.4 -0.3 0 0.4 556
-0.289432 -0.0662438 0 0.5 -0.3 0 0.5 557
-0.284857 -0.0788364 0 0.6 -0.3 0 0.6 558
-0.279508 -0.0910775 0 0.7 -0.3 0 0.7 559
-0.273414 -0.102914 0 0.8 -0.3 0 0.8 560
-0.23911 0.194052 0 -0.8 -0.3 0.1 -0.8 561
-0.249149 0.184247 0 -0.7 -0.3 0.1 -0.7 562
-0.258578 0.173789 0 -0.6 -0.3 0.1 -0.6 563
-0.26735 0.162721 0 -0.5 -0.3 0.1 -0.5 564
-0.275424 0.151091 0 -0.4 -0.3 0.1 -0.4 565
-0.282759 0.13895 0 -0.3 -0.3 0.1 -0.3 566
-0.28932 0.12635 0 -0.2 -0.3 0.1 -0.2 567
-0.295076 0.113347 0 -0.1 -0.3 0.1 -0.1 568
-0.3 0.1 0 0 -0.3 0.1 0 569
-0.304069 0.0863677 0 0.1 -0.3 0.1 0.1 570
-0.307266 0.0725119 0 0.2 -0.3 0.1 0.2 571
-0.309577 0.0584953 0 0.3 -0.3 0.1 0.3 572
-0.310994 0.0443812 0 0.4 -0.3 0.1 0.4 573
-0.311513 0.0302334 0 0.5 -0.3 0.1 0.5 574
-0.311135 0.0161158 0 0.6 -0.3 0.1 0.6 575
-0.309867 0.00209181 0 0.7 -0.3 0.1 0.7 576
-0.307719 -0.0117758 0 0.8 -0.3 0.1 0.8 577
-0.204805 0.28519 0 -0.8 -0.3 0.2 -0.8 578
-0.21879 0.277416 0 -0.7 -0.3 0.2 -0.7 579
-0.232299 0.268741 0 -0.6 -0.3 0.2 -0.6 580
-0.245269 0.259198 0 -0.5 -0.3 0.2 -0.5 581
-0.257639 0.248828 0 -0.4 -0.3 0.2 -0.4 582
-0.26935 0.237673 0 -0.3 -0.3 0.2 -0.3 583
-0.280347 0.225781 0 -0.2 -0.3 0.2 -0.2 584
-0.290579 0.213205 0 -0.1 -0.3 0.2 -0.1 585
-0.3 0.2 0 0 -0.3 0.2 0 586
-0.308566 0.186225 0 0.1 -0.3 0.2 0.1 587
-0.316239 0.171943 0 0.2 -0.3 0.2 0.2 588
-0.322986 0.157218 0 0.3 -0.3 0.2 0.3 589
-0.328779 0.142118 0 0.4 -0.3 0.2 0.4 590
-0.333594 0.126711 0 0.5 -0.3 0.2 0.5 591
-0.337414 0.111068 0 0.6 -0.3 0.2 0.6 592
-0.340226 0.0952611 0 0.7 -0.3 0.2 0.7 593
-0.342024 0.0793623 0 0.8 -0.3 0.2 0.8 594
-0.1705 0.376328 0 -0.8 -0.3 0.3 -0.8 595
-0.18843 0.370585 0 -0.7 -0.3 0.3 -0.7 596
-0.20602 0.363693 0 -0.6 -0.3 0.3 -0.6 597
-0.223188 0.355675 0 -0.5 -0.3 0.3 -0.5 598
-0.239854 0.346564 0 -0.4 -0.3 0.3 -0.4 599
-0.255941 0.336395 0 -0.3 -0.3 0.3 -0.3 600
-0.271374 0.325212 0 -0.2 -0.3 0.3 -0.2 601
-0.286083 0.313063 0 -0.1 -0.3 0.3 -0.1 602
-0.3 0.3 0 0 -0.3 0.3 0 603
-0.313063 0.286083 0 0.1 -0.3 0.3 0.1 604
-0.325212 0.271374 0 0.2 -0.3 0.3 0.2 605
-0.336395 0.255941 0 0.3 -0.3 0.3 0.3 606
-0.346564 0.239854 0 0.4 -0.3 0.3 0.4 607
-0.355675 0.223188 0 0.5 -0.3 0.3 0.5 608
-0.363693 0.20602 0 0.6 -0.3 0.3 0.6 609
-0.370585 0.18843 0 0.7 -0.3 0.3 0.7 610
-0.376328 0.1705 0 0.8 -0.3 0.3 0.8 611
-0.136196 0.467467 0 -0.8 -0.3 0.4 -0.8 612
-0.158071 0.463755 0 -0.7 -0.3 0.4 -0.7 613
-0.179741 0.458645 0 -0.6 -0.3 0.4 -0.6 614
-0.201107 0.452153 0 -0.5 -0.3 0.4 -0.5 615
-0.222069 0.4443 0 -0.4 -0.3 0.4 -0.4 616
-0.242532 0.435118 0 -0.3 -0.3 0.4 -0.3 617
-0.262401 0.424643 0 -0.2 -0.3 0.4 -0.2 618
-0.281586 0.41292 0 -0.1 -0.3 0.4 -0.1 619
-0.3 0.4 0 0 -0.3 0.4 0 620
-0.317559 0.38594 0 0.1 -0.3 0.4 0.1 621
-0.334185 0.370805 0 0.2 -0.3 0.4 0.2 622
-0.349804 0.354663 0 0.3 -0.3 0.4 0.3 623
-0.364349 0.33759 0 0.4 -0.3 0.4 0.4 624
-0.377757 0.319665 0 0.5 -0.3 0.4 0.5 625
-0.389972 0.300972 0 0.6 -0.3 0.4 0.6 626
-0.400945 0.2816 0 0.7 -0.3 0.4 0.7 627
-0.410633 0.261639 0 0.8 -0.3 0.4 0.8 628
-0.101891 0.558605 0 -0.8 -0.3 0.5 -0.8 629
-0.127712 0.556924 0 -0.7 -0.3 0.5 -0.7 630
-0.153463 0.553597 0 -0.6 -0.3 0.5 -0.6 631
-0.179025 0.54863 0 -0.5 -0.3 0.5 -0.5 632
-0.204284 0.542037 0 -0.4 -0.3 0.5 -0.4 633
-0.229122 0.533841 0 -0.3 -0.3 0.5 -0.3 634
-0.253428 0.524074 0 -0.2 -0.3 0.5 -0.2 635
-0.27709 0.512778 0 -0.1 -0.3 0.5 -0.1 636
-0.3 0.5 0 0 -0.3 0.5 0 637
-0.322056 0.485798 0 0.1 -0.3 0.5 0.1 638
-0.343158 0.470236 0 0.2 -0.3 0.5 0.2 639
-0.363214 0.453386 0 0.3 -0.3 0.5 0.3 640
-0.382134 0.435326 0 0.4 -0.3 0.5 0.4 641
-0.399838 0.416142 0 0.5 -0.3 0.5 0.5 642
-0.41625 0.395924 0 0.6 -0.3 0.5 0.6 643
-0.431304 0.374769 0 0.7 -0.3 0.5 0.7 644
-0.444938 0.352777 0 0.8 -0.3 0.5 0.8 645
-0.0675865 0.649743 0 -0.8 -0.3 0.6 -0.8 646
-0.0973529 0.650093 0 -0.7 -0.3 0.6 -0.7 647
-0.127184 0.648549 0 -0.6 -0.3 0.6 -0.6 648
-0.156944 0.645107 0 -0.5 -0.3 0.6 -0.5 649
-0.186499 0.639773 0 -0.4 -0.3 0.6 -0.4 650
-0.215713 0.632563 0 -0.3 -0.3 0.6 -0.3 651
-0.244455 0.623505 0 -0.2 -0.3 0.6 -0.2 652
-0.272593 0.612635 0 -0.1 -0.3 0.6 -0.1 653
-0.3 0.6 0 0 -0.3 0.6 0 654
-0.326552 0.585656 0 0.1 -0.3 0.6 0.1 655
-0.352131 0.569667 0 0.2 -0.3 0.6 0.2 656
-0.376623 0.552109 0 0.3 -0.3 0.6 0.3 657
-0.399919 0.533063 0 0.4 -0.3 0.6 0.4 658
-0.421919 0.51262 0 0.5 -0.3 0.6 0.5 659
-0.442529 0.490877 0 0.6 -0.3 0.6 0.6 660
-0.461663 0.467938 0 0.7 -0.3 0.6 0.7 661
-0.479242 0.443915 0 0.8 -0.3 0.6 0.8 662
-0.388104 -0.47822 0 -0.8 -0.2 -0.6 -0.8 663
-0.368494 -0.498297 0 -0.7 -0.2 -0.6 -0.7 664
-0.347577 -0.517155 0 -0.6 -0.2 -0.6 -0.6 665
-0.325442 -0.534701 0 -0.5 -0.2 -0.6 -0.5 666
-0.302183 -0.550848 0 -0.4 -0.2 -0.6 -0.4 667
-0.2779 -0.565518 0 -0.3 -0.2 -0.6 -0.3 668
-0.2527 -0.57864 0 -0.2 -0.2 -0.6 -0.2 669
-0.226695 -0.590152 0 -0.1 -0.2 -0.6 -0.1 670
-0.2 -0.6 0 0 -0.2 -0.6 0 671
-0.172735 -0.608139 0 0.1 -0.2 -0.6 0.1 672
-0.145024 -0.614532 0 0.2 -0.2 -0.6 0.2 673
-0.116991 -0.619154 0 0.3 -0.2 -0.6 0.3 674
-0.0887624 -0.621988 0 0.4 -0.2 -0.6 0.4 675
-0.0604669 -0.623026 0 0.5 -0.2 -0.6 0.5 676
-0.0322316 -0.622271 0 0.6 -0.2 -0.6 0.6 677
-0.00418361 -0.619734 0 0.7 -0.2 -0.6 0.7 678
0.0235517 -0.615438 0 0.8 -0.2 -0.6 0.8 679
-0.3538 -0.387081 0 -0.8 -0.2 -0.5 -0.8 680
-0.338134 -0.405128 0 -0.7 -0.2 -0.5 -0.7 681
-0.321298 -0.422203 0 -0.6 -0.2 -0.5 -0.6 682
-0.303361 -0.438224 0 -0.5 -0.2 -0.5 -0.5 683
-0.284398 -0.453111 0 -0.4 -0.2 -0.5 -0.4 684
-0.264491 -0.466795 0 -0.3 -0.2 -0.5 -0.3 685
-0.243727 -0.479209 0 -0.2 -0.2 -0.5 -0.2 686
-0.222198 -0.490295 0 -0.1 -0.2 -0.5 -0.1 687
-0.2 -0.5 0 0 -0.2 -0.5 0 688
-0.177232 -0.508281 0 0.1 -0.2 -0.5 0.1 689
-0.153997 -0.515101 0 0.2 -0.2 -0.5 0.2 690
-0.1304 -0.520432 0 0.3 -0.2 -0.5 0.3 691
-0.106547 -0.524252 0 0.4 -0.2 -0.5 0.4 692
-0.0825481 -0.526549 0 0.5 -0.2 -0.5 0.5 693
-0.0585104 -0.527318 0 0.6 -0.2 -0.5 0.6 694
-0.0345428 -0.526565 0 0.7 -0.2 -0.5 0.7 695
-0.010753 -0.5243 0 0.8 -0.2 -0.5 0.8 696
-0.319495 -0.295943 0 -0.8 -0.2 -0.4 -0.8 697
-0.307775 -0.311959 0 -0.7 -0.2 -0.4 -0.7 698
-0.295019 -0.327251 0 -0.6 -0.2 -0.4 -0.6 699
-0.281279 -0.341746 0 -0.5 -0.2 -0.4 -0.5 700
-0.266613 -0.355375 0 -0.4 -0.2 -0.4 -0.4 701
-0.251082 -0.368072 0 -0.3 -0.2 -0.4 -0.3 702
-0.234754 -0.379778 0 -0.2 -0.2 -0.4 -0.2 703
-0.217702 -0.390437 0 -0.1 -0.2 -0.4 -0.1 704
-0.2 -0.4 0 0 -0.2 -0.4 0 705
-0.181729 -0.408424 0 0.1 -0.2 -0.4 0.1 706
-0.16297 -0.41567 0 0.2 -0.2 -0.4 0.2 707
-0.143809 -0.421709 0 0.3 -0.2 -0.4 0.3 708
-0.124332 -0.426515 0 0.4 -0.2 -0.4 0.4 709
-0.104629 -0.430071 0 0.5 -0.2 -0.4 0.5 710
-0.0847892 -0.432366 0 0.6 -0.2 -0.4 0.6 711
-0.0649019 -0.433396 0 0.7 -0.2 -0.4 0.7 712
-0.0450577 -0.433162 0 0.8 -0.2 -0.4 0.8 713
-0.28519 -0.204805 0 -0.8 -0.2 -0.3 -0.8 714
-0.277416 -0.21879 0 -0.7 -0.2 -0.3 -0.7 715
-0.268741 -0.232299 0 -0.6 -0.2 -0.3 -0.6 716
-0.259198 -0.245269 0 -0.5 -0.2 -0.3 -0.5 717
-0.248828 -0.257639 0 -0.4 -0.2 -0.3 -0.4 718
-0.237673 -0.26935 0 -0.3 -0.2 -0.3 -0.3 719
-0.225781 -0.280347 0 -0.2 -0.2 -0.3 -0.2 720
-0.213205 -0.290579 0 -0.1 -0.2 -0.3 -0.1 721
-0.2 -0.3 0 0 -0.2 -0.3 0 722
-0.186225 -0.308566 0 0.1 -0.2 -0.3 0.1 723
-0.171943 -0.316239 0 0.2 -0.2 -0.3 0.2 724
-0.157218 -0.322986 0 0.3 -0.2 -0.3 0.3 725
-0.142118 -0.328779 0 0.4 -0.2 -0.3 0.4 726
-0.126711 -0.333594 0 0.5 -0.2 -0.3 0.5 727
-0.111068 -0.337414 0 0.6 -0.2 -0.3 0.6 728
-0.0952611 -0.340226 0 0.7 -0.2 -0.3 0.7 729
-0.0793623 -0.342024 0 0.8 -0.2 -0.3 0.8 730
-0.250886 -0.113667 0 -0.8 -0.2 -0.2 -0.8 731
-0.247057 -0.12562 0 -0.7 -0.2 -0.2 -0.7 732
-0.242462 -0.137347 0 -0.6 -0.2 -0.2 -0.6 733
-0.237117 -0.148792 0 -0.5 -0.2 -0.2 -0.5 734
-0.231043 -0.159903 0 -0.4 -0.2 -0.2 -0.4 735
-0.224264 -0.170627 0 -0.3 -0.2 -0.2 -0.3 736
-0.216808 -0.180916 0 -0.2 -0.2 -0.2 -0.2 737
-0.208708 -0.190722 0 -0.1 -0.2 -0.2 -0.1 738
-0.2 -0.2 0 0 -0.2 -0.2 0 739
-0.190722 -0.208708 0 0.1 -0.2 -0.2 0.1 740
-0.180916 -0.216808 0 0.2 -0.2 -0.2 0.2 741
-0.170627 -0.224264 0 0.3 -0.2 -0.2 0.3 742
-0.159903 -0.231043 0 0.4 -0.2 -0.2 0.4 743
-0.148792 -0.237117 0 0.5 -0.2 -0.2 0.5 744
-0.137347 -0.242462 0 0.6 -0.2 -0.2 0.6 745
-0.12562 -0.247057 0 0.7 -0.2 -0.2 0.7 746
-0.113667 -0.250886 0 0.8 -0.2 -0.2 0.8 747
-0.216581 -0.0225288 0 -0.8 -0.2 -0.1 -0.8 748
-0.216698 -0.032451 0 -0.7 -0.2 -0.1 -0.7 749
-0.216183 -0.0423946 0 -0.6 -0.2 -0.1 -0.6 750
-0.215036 -0.0523147 0 -0.5 -0.2 -0.1 -0.5 751
-0.213258 -0.0621662 0 -0.4 -0.2 -0.1 -0.4 752
-0.210854 -0.0719044 0 -0.3 -0.2 -0.1 -0.3 753
-0.207835 -0.081485 0 -0.2 -0.2 -0.1 -0.2 754
-0.204212 -0.0908643 0 -0.1 -0.2 -0.1 -0.1 755
-0.2 -0.1 0 0 -0.2 -0.1 0 756
-0.195219 -0.108851 0 0.1 -0.2 -0.1 0.1 757
-0.189889 -0.117377 0 0.2 -0.2 -0.1 0.2 758
-0.184036 -0.125541 0 0.3 -0.2 -0.1 0.3 759
-0.177688 -0.133306 0 0.4 -0.2 -0.1 0.4 760
-0.170873 -0.14064 0 0.5 -0.2 -0.1 0.5 761
-0.163626 -0.14751 0 0.6 -0.2 -0.1 0.6 762
-0.155979 -0.153888 0 0.7 -0.2 -0.1 0.7 763
-0.147972 -0.159747 0 0.8 -0.2 -0.1 0.8 764
-0.182276 0.0686093 0 -0.8 -0.2 0 -0.8 765
-0.186339 0.0607183 0 -0.7 -0.2 0 -0.7 766
-0.189904 0.0525576 0 -0.6 -0.2 0 -0.6 767
-0.192954 0.0441625 0 -0.5 -0.2 0 -0.5 768
-0.195473 0.0355701 0 -0.4 -0.2 0 -0.4 769
-0.197445 0.0268182 0 -0.3 -0.2 0 -0.3 770
-0.198862 0.0179461 0 -0.2 -0.2 0 -0.2 771
-0.199715 0.00899325 0 -0.1 -0.2 0 -0.1 772
-0.2 0 0 0 -0.2 0 0 773
-0.199715 -0.00899325 0 0.1 -0.2 0 0.1 774
-0.198862 -0.0179461 0 0.2 -0.2 0 0.2 775
-0.197445 -0.0268182 0 0.3 -0.2 0 0.3 776
-0.195473 -0.0355701 0 0.4 -0.2 0 0.4 777
-0.192954 -0.0441625 0 0.5 -0.2 0 0.5 778
-0.189904 -0.0525576 0 0.6 -0.2 0 0.6 779
-0.186339 -0.0607183 0 0.7 -0.2 0 0.7 780
-0.182276 -0.0686093 0 0.8 -0.2 0 0.8 781
-0.147972 0.159747 0 -0.8 -0.2 0.1 -0.8 782
-0.155979 0.153888 0 -0.7 -0.2 0.1 -0.7 783
-0.163626 0.14751 0 -0.6 -0.2 0.1 -0.6 784
-0.170873 0.14064 0 -0.5 -0.2 0.1 -0.5 785
-0.177688 0.133306 0 -0.4 -0.2 0.1 -0.4 786
-0.184036 0.125541 0 -0.3 -0.2 0.1 -0.3 787
-0.189889 0.117377 0 -0.2 -0.2 0.1 -0.2 788
-0.195219 0.108851 0 -0.1 -0.2 0.1 -0.1 789
-0.2 0.1 0 0 -0.2 0.1 0 790
-0.204212 0.0908643 0 0.1 -0.2 0.1 0.1 791
-0.207835 0.081485 0 0.2 -0.2 0.1 0.2 792
-0.210854 0.0719044 0 0.3 -0.2 0.1 0.3 793
-0.213258 0.0621662 0 0.4 -0.2 0.1 0.4 794
-0.215036 0.0523147 0 0.5 -0.2 0.1 0.5 795
-0.216183 0.0423946 0 0.6 -0.2 0.1 0.6 796
-0.216698 0.032451 0 0.7 -0.2 0.1 0.7 797
-0.216581 0.0225288 0 0.8 -0.2 0.1 0.8 798
-0.113667 0.250886 0 -0.8 -0.2 0.2 -0.8 799
-0.12562 0.247057 0 -0.7 -0.2 0.2 -0.7 800
-0.137347 0.242462 0 -0.6 -0.2 0.2 -0.6 801
-0.148792 0.237117 0 -0.5 -0.2 0.2 -0.5 802
-0.159903 0.231043 0 -0.4 -0.2 0.2 -0.4 803
-0.170627 0.224264 0 -0.3 -0.2 0.2 -0.3 804
-0.180916 0.216808 0 -0.2 -0.2 0.2 -0.2 805
-0.190722 0.208708 0 -0.1 -0.2 0.2 -0.1 806
-0.2 0.2 0 0 -0.2 0.2 0 807
-0.208708 0.190722 0 0.1 -0.2 0.2 0.1 808
-0.216808 0.180916 0 0.2 -0.2 0.2 0.2 809
-0.224264 0.170627 0 0.3 -0.2 0.2 0.3 810
-0.231043 0.159903 0 0.4 -0.2 0.2 0.4 811
-0.237117 0.148792 0 0.5 -0.2 0.2 0.5 812
-0.242462 0.137347 0 0.6 -0.2 0.2 0.6 813
-0.247057 0.12562 0 0.7 -0.2 0.2 0.7 814
-0.250886 0.113667 0 0.8 -0.2 0.2 0.8 815
-0.0793623 0.342024 0 -0.8 -0.2 0.3 -0.8 816
-0.0952611 0.340226 0 -0.7 -0.2 0.3 -0.7 817
-0.111068 0.337414 0 -0.6 -0.2 0.3 -0.6 818
-0.126711 0.333594 0 -0.5 -0.2 0.3 -0.5 819
-0.142118 0.328779 0 -0.4 -0.2 0.3 -0.4 820
-0.157218 0.322986 0 -0.3 -0.2 0.3 -0.3 821
-0.171943 0.316239 0 -0.2 -0.2 0.3 -0.2 822
-0.186225 0.308566 0 -0.1 -0.2 0.3 -0.1 823
-0.2 0.3 0 0 -0.2 0.3 0 824
-0.213205 0.290579 0 0.1 -0.2 0.3 0.1 825
-0.225781 0.280347 0 0.2 -0.2 0.3 0.2 826
-0.237673 0.26935 0 0.3 -0.2 0.3 0.3 827
-0.248828 0.257639 0 0.4 -0.2 0.3 0.4 828
-0.259198 0.245269 0 0.5 -0.2 0.3 0.5 829
-0.268741 0.232299 0 0.6 -0.2 0.3 0.6 830
-0.277416 0.21879 0 0.7 -0.2 0.3 0.7 831
-0.28519 0.204805 0 0.8 -0.2 0.3 0.8 832
-0.0450577 0.433162 0 -0.8 -0.2 0.4 -0.8 833
-0.0649019 0.433396 0 -0.7 -0.2 0.4 -0.7 834
-0.0847892 0.432366 0 -0.6 -0.2 0.4 -0.6 835
-0.104629 0.430071 0 -0.5 -0.2 0.4 -0.5 836
-0.124332 0.426515 0 -0.4 -0.2 0.4 -0.4 837
-0.143809 0.421709 0 -0.3 -0.2 0.4 -0.3 838
-0.16297 0.41567 0 -0.2 -0.2 0.4 -0.2 839
-0.181729 0.408424 0 -0.1 -0.2 0.4 -0.1 840
-0.2 0.4 0 0 -0.2 0.4 0 841
-0.217702 0.390437 0 0.1 -0.2 0.4 0.1 842
-0.234754 0.379778 0 0.2 -0.2 0.4 0.2 843
-0.251082 0.368072 0 0.3 -0.2 0.4 0.3 844
-0.266613 0.355375 0 0.4 -0.2 0.4 0.4 845
-0.281279 0.341746 0 0.5 -0.2 0.4 0.5 846
-0.295019 0.327251 0 0.6 -0.2 0.4 0.6 847
-0.307775 0.311959 0 0.7 -0.2 0.4 0.7 848
-0.319495 0.295943 0 0.8 -0.2 0.4 0.8 849
-0.010753 0.5243 0 -0.8 -0.2 0.5 -0.8 850
-0.0345428 0.526565 0 -0.7 -0.2 0.5 -0.7 851
-0.0585104 0.527318 0 -0.6 -0.2 0.5 -0.6 852
-0.0825481 0.526549 0 -0.5 -0.2 0.5 -0.5 853
-0.106547 0.524252 0 -0.4 -0.2 0.5 -0.4 854
-0.1304 0.520432 0 -0.3 -0.2 0.5 -0.3 855
-0.153997 0.515101 0 -0.2 -0.2 0.5 -0.2 856
-0.177232 0.508281 0 -0.1 -0.2 0.5 -0.1 857
-0.2 0.5 0 0 -0.2 0.5 0 858
-0.222198 0.490295 0 0.1 -0.2 0.5 0.1 859
-0.243727 0.479209 0 0.2 -0.2 0.5 0.2 860
-0.264491 0.466795 0 0.3 -0.2 0.5 0.3 861
-0.284398 0.453111 0 0.4 -0.2 0.5 0.4 862
-0.303361 0.438224 0 0.5 -0.2 0.5 0.5 863
-0.321298 0.422203 0 0.6 -0.2 0.5 0.6 864
-0.338134 0.405128 0 0.7 -0.2 0.5 0.7 865
-0.3538 0.387081 0 0.8 -0.2 0.5 0.8 866
0.0235517 0.615438 0 -0.8 -0.2 0.6 -0.8 867
-0.00418361 0.619734 0 -0.7 -0.2 0.6 -0.7 868
-0.0322316 0.622271 0 -0.6 -0.2 0.6 -0.6 869
-0.0604669 0.623026 0 -0.5 -0.2 0.6 -0.5 870
-0.0887624 0.621988 0 -0.4 -0.2 0.6 -0.4 871
-0.116991 0.619154 0 -0.3 -0.2 0.6 -0.3 872
-0.145024 0.614532 0 -0.2 -0.2 0.6 -0.2 873
-0.172735 0.608139 0 -0.1 -0.2 0.6 -0.1 874
-0.2 0.6 0 0 -0.2 0.6 0 875
-0.226695 0.590152 0 0.1 -0.2 0.6 0.1 876
-0.2527 0.57864 0 0.2 -0.2 0.6 0.2 877
-0.2779 0.565518 0 0.3 -0.2 0.6 0.3 878
-0.302183 0.550848 0 0.4 -0.2 0.6 0.4 879
-0.325442 0.534701 0 0.5 -0.2 0.6 0.5 880
-0.347577 0.517155 0 0.6 -0.2 0.6 0.6 881
-0.368494 0.498297 0 0.7 -0.2 0.6 0.7 882
-0.388104 0.47822 0 0.8 -0.2 0.6 0.8 883
-0.296966 -0.512524 0 -0.8 -0.1 -0.6 -0.8 884
-0.275324 -0.528657 0 -0.7 -0.1 -0.6 -0.7 885
-0.252625 -0.543434 0 -0.6 -0.1 -0.6 -0.6 886
-0.228965 -0.556782 0 -0.5 -0.1 -0.6 -0.5 887
-0.204446 -0.568633 0 -0.4 -0.1 -0.6 -0.4 888
-0.179177 -0.578927 0 -0.3 -0.1 -0.6 -0.3 889
-0.153269 -0.587613 0 -0.2 -0.1 -0.6 -0.2 890
-0.126837 -0.594649 0 -0.1 -0.1 -0.6 -0.1 891
-0.1 -0.6 0 0 -0.1 -0.6 0 892
-0.0728778 -0.603642 0 0.1 -0.1 -0.6 0.1 893
-0.0455928 -0.605559 0 0.2 -0.1 -0.6 0.2 894
-0.0182679 -0.605745 0 0.3 -0.1 -0.6 0.3 895
0.00897387 -0.604203 0 0.4 -0.1 -0.6 0.4 896
0.0360103 -0.600945 0 0.5 -0.1 -0.6 0.5 897
0.0627205 -0.595992 0 0.6 -0.1 -0.6 0.6 898
0.0889857 -0.589375 0 0.7 -0.1 -0.6 0.7 899
0.11469 -0.581134 0 0.8 -0.1 -0.6 0.8 900
-0.262661 -0.421386 0 -0.8 -0.1 -0.5 -0.8 901
-0.244965 -0.435487 0 -0.7 -0.1 -0.5 -0.7 902
-0.226346 -0.448482 0 -0.6 -0.1 -0.5 -0.6 903
-0.206884 -0.460305 0 -0.5 -0.1 -0.5 -0.5 904
-0.186661 -0.470896 0 -0.4 -0.1 -0.5 -0.4 905
-0.165768 -0.480204 0 -0.3 -0.1 -0.5 -0.3 906
-0.144296 -0.488182 0 -0.2 -0.1 -0.5 -0.2 907
-0.122341 -0.494791 0 -0.1 -0.1 -0.5 -0.1 908
-0.1 -0.5 0 0 -0.1 -0.5 0 909
-0.0773744 -0.503784 0 0.1 -0.1 -0.5 0.1 910
-0.0545659 -0.506128 0 0.2 -0.1 -0.5 0.2 911
-0.0316771 -0.507022 0 0.3 -0.1 -0.5 0.3 912
-0.00881116 -0.506467 0 0.4 -0.1 -0.5 0.4 913
0.0139291 -0.504467 0 0.5 -0.1 -0.5 0.5 914
0.0364418 -0.50104 0 0.6 -0.1 -0.5 0.6 915
0.0586265 -0.496206 0 0.7 -0.1 -0.5 0.7 916
0.0803851 -0.489995 0 0.8 -0.1 -0.5 0.8 917
-0.228357 -0.330248 0 -0.8 -0.1 -0.4 -0.8 918
-0.214606 -0.342318 0 -0.7 -0.1 -0.4 -0.7 919
-0.200067 -0.35353 0 -0.6 -0.1 -0.4 -0.6 920
-0.184802 -0.363828 0 -0.5 -0.1 -0.4 -0.5 921
-0.168876 -0.37316 0 -0.4 -0.1 -0.4 -0.4 922
-0.152359 -0.381482 0 -0.3 -0.1 -0.4 -0.3 923
-0.135323 -0.388751 0 -0.2 -0.1 -0.4 -0.2 924
-0.117844 -0.394934 0 -0.1 -0.1 -0.4 -0.1 925
-0.1 -0.4 0 0 -0.1 -0.4 0 926
-0.0818711 -0.403927 0 0.1 -0.1 -0.4 0.1 927
-0.0635389 -0.406697 0 0.2 -0.1 -0.4 0.2 928
-0.0450862 -0.4083 0 0.3 -0.1 -0.4 0.3 929
-0.0265962 -0.40873 0 0.4 -0.1 -0.4 0.4 930
-0.00815218 -0.40799 0 0.5 -0.1 -0.4 0.5 931
0.010163 -0.406087 0 0.6 -0.1 -0.4 0.6 932
0.0282674 -0.403036 0 0.7 -0.1 -0.4 0.7 933
0.0460805 -0.398857 0 0.8 -0.1 -0.4 0.8 934
-0.194052 -0.23911 0 -0.8 -0.1 -0.3 -0.8 935
-0.184247 -0.249149 0 -0.7 -0.1 -0.3 -0.7 936
-0.173789 -0.258578 0 -0.6 -0.1 -0.3 -0.6 937
-0.162721 -0.26735 0 -0.5 -0.1 -0.3 -0.5 938
-0.151091 -0.275424 0 -0.4 -0.1 -0.3 -0.4 939
-0.13895 -0.282759 0 -0.3 -0.1 -0.3 -0.3 940
-0.12635 -0.28932 0 -0.2 -0.1 -0.3 -0.2 941
-0.113347 -0.295076 0 -0.1 -0.1 -0.3 -0.1 942
-0.1 -0.3 0 0 -0.1 -0.3 0 943
-0.0863677 -0.304069 0 0.1 -0.1 -0.3 0.1 944
-0.0725119 -0.307266 0 0.2 -0.1 -0.3 0.2 945
-0.0584953 -0.309577 0 0.3 -0.1 -0.3 0.3 946
-0.0443812 -0.310994 0 0.4 -0.1 -0.3 0.4 947
-0.0302334 -0.311513 0 0.5 -0.1 -0.3 0.5 948
-0.0161158 -0.311135 0 0.6 -0.1 -0.3 0.6 949
-0.00209181 -0.309867 0 0.7 -0.1 -0.3 0.7 950
0.0117758 -0.307719 0 0.8 -0.1 -0.3 0.8 951
-0.159747 -0.147972 0 -0.8 -0.1 -0.2 -0.8 952
-0.153888 -0.155979 0 -0.7 -0.1 -0.2 -0.7 953
-0.14751 -0.163626 0 -0.6 -0.1 -0.2 -0.6 954
-0.14064 -0.170873 0 -0.5 -0.1 -0.2 -0.5 955
-0.133306 -0.177688 0 -0.4 -0.1 -0.2 -0.4 956
-0.125541 -0.184036 0 -0.3 -0.1 -0.2 -0.3 957
-0.117377 -0.189889 0 -0.2 -0.1 -0.2 -0.2 958
-0.108851 -0.195219 0 -0.1 -0.1 -0.2 -0.1 959
-0.1 -0.2 0 0 -0.1 -0.2 0 960
-0.0908643 -0.204212 0 0.1 -0.1 -0.2 0.1 961
-0.081485 -0.207835 0 0.2 -0.1 -0.2 0.2 962
-0.0719044 -0.210854 0 0.3 -0.1 -0.2 0.3 963
-0.0621662 -0.213258 0 0.4 -0.1 -0.2 0.4 964
-0.0523147 -0.215036 0 0.5 -0.1 -0.2 0.5 965
-0.0423946 -0.216183 0 0.6 -0.1 -0.2 0.6 966
-0.032451 -0.216698 0 0.7 -0.1 -0.2 0.7 967
-0.0225288 -0.216581 0 0.8 -0.1 -0.2 0.8 968
-0.125443 -0.0568335 0 -0.8 -0.1 -0.1 -0.8 969
-0.123528 -0.0628101 0 -0.7 -0.1 -0.1 -0.7 970
-0.121231 -0.0686734 0 -0.6 -0.1 -0.1 -0.6 971
-0.118558 -0.074396 0 -0.5 -0.1 -0.1 -0.5 972
-0.115521 -0.0799513 0 -0.4 -0.1 -0.1 -0.4 973
-0.112132 -0.0853135 0 -0.3 -0.1 -0.1 -0.3 974
-0.108404 -0.090458 0 -0.2 -0.1 -0.1 -0.2 975
-0.104354 -0.0953609 0 -0.1 -0.1 -0.1 -0.1 976
-0.1 -0.1 0 0 -0.1 -0.1 0 977
-0.0953609 -0.104354 0 0.1 -0.1 -0.1 0.1 978
-0.090458 -0.108404 0 0.2 -0.1 -0.1 0.2 979
-0.0853135 -0.112132 0 0.3 -0.1 -0.1 0.3 980
-0.0799513 -0.115521 0 0.4 -0.1 -0.1 0.4 981
-0.074396 -0.118558 0 0.5 -0.1 -0.1 0.5 982
-0.0686734 -0.121231 0 0.6 -0.1 -0.1 0.6 983
-0.0628101 -0.123528 0 0.7 -0.1 -0.1 0.7 984
-0.0568335 -0.125443 0 0.8 -0.1 -0.1 0.8 985
-0.0911381 0.0343047 0 -0.8 -0.1 0 -0.8 986
-0.0931693 0.0303592 0 -0.7 -0.1 0 -0.7 987
-0.0949522 0.0262788 0 -0.6 -0.1 0 -0.6 988
-0.0964772 0.0220813 0 -0.5 -0.1 0 -0.5 989
-0.0977363 0.017785 0 -0.4 -0.1 0 -0.4 990
-0.0987227 0.0134091 0 -0.3 -0.1 0 -0.3 991
-0.099431 0.00897303 0 -0.2 -0.1 0 -0.2 992
-0.0998576 0.00449663 0 -0.1 -0.1 0 -0.1 993
-0.1 0 0 0 -0.1 0 0 994
-0.0998576 -0.00449663 0 0.1 -0.1 0 0.1 995
-0.099431 -0.00897303 0 0.2 -0.1 0 0.2 996
-0.0987227 -0.0134091 0 0.3 -0.1 0 0.3 997
-0.0977363 -0.017785 0 0.4 -0.1 0 0.4 998
-0.0964772 -0.0220813 0 0.5 -0.1 0 0.5 999
-0.0949522 -0.0262788 0 0.6 -0.1 0 0.6 1000
-0.0931693 -0.0303592 0 0.7 -0.1 0 0.7 1001
-0.0911381 -0.0343047 0 0.8 -0.1 0 0.8 1002
-0.0568335 0.125443 0 -0.8 -0.1 0.1 -0.8 1003
-0.0628101 0.123528 0 -0.7 -0.1 0.1 -0.7 1004
-0.0686734 0.121231 0 -0.6 -0.1 0.1 -0.6 1005
-0.074396 0.118558 0 -0.5 -0.1 0.1 -0.5 1006
-0.0799513 0.115521 0 -0.4 -0.1 0.1 -0.4 1007
-0.0853135 0.112132 0 -0.3 -0.1 0.1 -0.3 1008
-0.090458 0.108404 0 -0.2 -0.1 0.1 -0.2 1009
-0.0953609 0.104354 0 -0.1 -0.1 0.1 -0.1 1010
-0.1 0.1 0 0 -0.1 0.1 0 1011
-0.104354 0.0953609 0 0.1 -0.1 0.1 0.1 1012
-0.108404 0.090458 0 0.2 -0.1 0.1 0.2 1013
-0.112132 0.0853135 0 0.3 -0.1 0.1 0.3 1014
-0.115521 0.0799513 0 0.4 -0.1 0.1 0.4 1015
-0.118558 0.074396 0 0.5 -0.1 0.1 0.5 1016
-0.121231 0.0686734 0 0.6 -0.1 0.1 0.6 1017
-0.123528 0.0628101 0 0.7 -0.1 0.1 0.7 1018
-0.125443 0.0568335 0 0.8 -0.1 0.1 0.8 1019
-0.0225288 0.216581 0 -0.8 -0.1 0.2 -0.8 1020
-0.032451 0.216698 0 -0.7 -0.1 0.2 -0.7 1021
-0.0423946 0.216183 0 -0.6 -0.1 0.2 -0.6 1022
-0.0523147 0.215036 0 -0.5 -0.1 0.2 -0.5 1023
-0.0621662 0.213258 0 -0.4 -0.1 0.2 -0.4 1024
-0.0719044 0.210854 0 -0.3 -0.1 0.2 -0.3 1025
-0.081485 0.207835 0 -0.2 -0.1 0.2 -0.2 1026
-0.0908643 0.204212 0 -0.1 -0.1 0.2 -0.1 1027
-0.1 0.2 0 0 -0.1 0.2 0 1028
-0.108851 0.195219 0 0.1 -0.1 0.2 0.1 1029
-0.117377 0.189889 0 0.2 -0.1 0.2 0.2 1030
-0.125541 0.184036 0 0.3 -0.1 0.2 0.3 1031
-0.133306 0.177688 0 0.4 -0.1 0.2 0.4 1032
-0.14064 0.170873 0 0.5 -0.1 0.2 0.5 1033
-0.14751 0.163626 0 0.6 -0.1 0.2 0.6 1034
-0.153888 0.155979 0 0.7 -0.1 0.2 0.7 1035
-0.159747 0.147972 0 0.8 -0.1 0.2 0.8 1036
0.0117758 0.307719 0 -0.8 -0.1 0.3 -0.8 1037
-0.00209181 0.309867 0 -0.7 -0.1 0.3 -0.7 1038
-0.0161158 0.311135 0 -0.6 -0.1 0.3 -0.6 1039
-0.0302334 0.311513 0 -0.5 -0.1 0.3 -0.5 1040
-0.0443812 0.310994 0 -0.4 -0.1 0.3 -0.4 1041
-0.0584953 0.309577 0 -0.3 -0.1 0.3 -0.3 1042
-0.0725119 0.307266 0 -0.2 -0.1 0.3 -0.2 1043
-0.0863677 0.304069 0 -0.1 -0.1 0.3 -0.1 1044
-0.1 0.3 0 0 -0.1 0.3 0 1045
-0.113347 0.295076 0 0.1 -0.1 0.3 0.1 1046
-0.12635 0.28932 0 0.2 -0.1 0.3 0.2 1047
-0.13895 0.282759 0 0.3 -0.1 0.3 0.3 1048
-0.151091 0.275424 0 0.4 -0.1 0.3 0.4 1049
-0.162721 0.26735 0 0.5 -0.1 0.3 0.5 1050
-0.173789 0.258578 0 0.6 -0.1 0.3 0.6 1051
-0.184247 0.249149 0 0.7 -0.1 0.3 0.7 1052
-0.194052 0.23911 0 0.8 -0.1 0.3 0.8 1053
0.0460805 0.398857 0 -0.8 -0.1 0.4 -0.8 1054
0.0282674 0.403036 0 -0.7 -0.1 0.4 -0.7 1055
0.010163 0.406087 0 -0.6 -0.1 0.4 -0.6 1056
-0.00815218 0.40799 0 -0.5 -0.1 0.4 -0.5 1057
-0.0265962 0.40873 0 -0.4 -0.1 0.4 -0.4 1058
-0.0450862 0.4083 0 -0.3 -0.1 0.4 -0.3 1059
-0.0635389 0.406697 0 -0.2 -0.1 0.4 -0.2 1060
-0.0818711 0.403927 0 -0.1 -0.1 0.4 -0.1 1061
-0.1 0.4 0 0 -0.1 0.4 0 1062
-0.117844 0.394934 0 0.1 -0.1 0.4 0.1 1063
-0.135323 0.388751 0 0.2 -0.1 0.4 0.2 1064
-0.152359 0.381482 0 0.3 -0.1 0.4 0.3 1065
-0.168876 0.37316 0 0.4 -0.1 0.4 0.4 1066
-0.184802 0.363828 0 0.5 -0.1 0.4 0.5 1067
-0.200067 0.35353 0 0.6 -0.1 0.4 0.6 1068
-0.214606 0.342318 0 0.7 -0.1 0.4 0.7 1069
-0.228357 0.330248 0 0.8 -0.1 0.4 0.8 1070
0.0803851 0.489995 0 -0.8 -0.1 0.5 -0.8 1071
0.0586265 0.496206 0 -0.7 -0.1 0.5 -0.7 1072
0.0364418 0.50104 0 -0.6 -0.1 0.5 -0.6 1073
0.0139291 0.504467 0 -0.5 -0.1 0.5 -0.5 1074
-0.00881116 0.506467 0 -0.4 -0.1 0.5 -0.4 1075
-0.0316771 0.507022 0 -0.3 -0.1 0.5 -0.3 1076
-0.0545659 0.506128 0 -0.2 -0.1 0.5 -0.2 1077
-0.0773744 0.503784 0 -0.1 -0.1 0.5 -0.1 1078
-0.1 0.5 0 0 -0.1 0.5 0 1079
-0.122341 0.494791 0 0.1 -0.1 0.5 0.1 1080
-0.144296 0.488182 0 0.2 -0.1 0.5 0.2 1081
-0.165768 0.480204 0 0.3 -0.1 0.5 0.3 1082
-0.186661 0.470896 0 0.4 -0.1 0.5 0.4 1083
-0.206884 0.460305 0 0.5 -0.1 0.5 0.5 1084
-0.226346 0.448482 0 0.6 -0.1 0.5 0.6 1085
-0.244965 0.435487 0 0.7 -0.1 0.5 0.7 1086
-0.262661 0.421386 0 0.8 -0.1 0.5 0.8 1087
0.11469 0.581134 0 -0.8 -0.1 0.6 -0.8 1088
0.0889857 0.589375 0 -0.7 -0.1 0.6 -0.7 1089
0.0627205 0.595992 0 -0.6 -0.1 0.6 -0.6 1090
0.0360103 0.600945 0 -0.5 -0.1 0.6 -0.5 1091
0.00897387 0.604203 0 -0.4 -0.1 0.6 -0.4 1092
-0.0182679 0.605745 0 -0.3 -0.1 0.6 -0.3 1093
-0.0455928 0.605559 0 -0.2 -0.1 0.6 -0.2 1094
-0.0728778 0.603642 0 -0.1 -0.1 0.6 -0.1 1095
-0.1 0.6 0 0 -0.1 0.6 0 1096
-0.126837 0.594649 0 0.1 -0.1 0.6 0.1 1097
-0.153269 0.587613 0 0.2 -0.1 0.6 0.2 1098
-0.179177 0.578927 0 0.3 -0.1 0.6 0.3 1099
-0.204446 0.568633 0 0.4 -0.1 0.6 0.4 1100
-0.228965 0.556782 0 0.5 -0.1 0.6 0.5 1101
-0.252625 0.543434 0 0.6 -0.1 0.6 0.6 1102
-0.275324 0.528657 0 0.7 -0.1 0.6 0.7 1103
-0.296966 0.512524 0 0.8 -0.1 0.6 0.8 1104
-0.205828 -0.546829 0 -0.8 0 -0.6 -0.8 1105
-0.182155 -0.559016 0 -0.7 0 -0.6 -0.7 1106
-0.157673 -0.569713 0 -0.6 0 -0.6 -0.6 1107
-0.132488 -0.578863 0 -0.5 0 -0.6 -0.5 1108
-0.10671 -0.586418 0 -0.4 0 -0.6 -0.4 1109
-0.0804547 -0.592336 0 -0.3 0 -0.6 -0.3 1110
-0.0538382 -0.596586 0 -0.2 0 -0.6 -0.2 1111
-0.0269798 -0.599145 0 -0.1 0 -0.6 -0.1 1112
0 -0.6 0 0 0 -0.6 0 1113
0.0269798 -0.599145 0 0.1 0 -0.6 0.1 1114
0.0538382 -0.596586 0 0.2 0 -0.6 0.2 1115
0.0804547 -0.592336 0 0.3 0 -0.6 0.3 1116
0.10671 -0.586418 0 0.4 0 -0.6 0.4 1117
0.132488 -0.578863 0 0.5 0 -0.6 0.5 1118
0.157673 -0.569713 0 0.6 0 -0.6 0.6 1119
0.182155 -0.559016 0 0.7 0 -0.6 0.7 1120
0.205828 -0.546829 0 0.8 0 -0.6 0.8 1121
-0.171523 -0.455691 0 -0.8 0 -0.5 -0.8 1122
-0.151796 -0.465847 0 -0.7 0 -0.5 -0.7 1123
-0.131394 -0.474761 0 -0.6 0 -0.5 -0.6 1124
-0.110406 -0.482386 0 -0.5 0 -0.5 -0.5 1125
-0.0889251 -0.488681 0 -0.4 0 -0.5 -0.4 1126
-0.0670456 -0.493613 0 -0.3 0 -0.5 -0.3 1127
-0.0448652 -0.497155 0 -0.2 0 -0.5 -0.2 1128
-0.0224831 -0.499288 0 -0.1 0 -0.5 -0.1 1129
0 -0.5 0 0 0 -0.5 0 1130
0.0224831 -0.499288 0 0.1 0 -0.5 0.1 1131
0.0448652 -0.497155 0 0.2 0 -0.5 0.2 1132
0.0670456 -0.493613 0 0.3 0 -0.5 0.3 1133
0.0889251 -0.488681 0 0.4 0 -0.5 0.4 1134
0.110406 -0.482386 0 0.5 0 -0.5 0.5 1135
0.131394 -0.474761 0 0.6 0 -0.5 0.6 1136
0.151796 -0.465847 0 0.7 0 -0.5 0.7 1137
0.171523 -0.455691 0 0.8 0 -0.5 0.8 1138
-0.137219 -0.364553 0 -0.8 0 -0.4 -0.8 1139
-0.121437 -0.372677 0 -0.7 0 -0.4 -0.7 1140
-0.105115 -0.379809 0 -0.6 0 -0.4 -0.6 1141
-0.088325 -0.385909 0 -0.5 0 -0.4 -0.5 1142
-0.0711401 -0.390945 0 -0.4 0 -0.4 -0.4 1143
-0.0536365 -0.394891 0 -0.3 0 -0.4 -0.3 1144
-0.0358921 -0.397724 0 -0.2 0 -0.4 -0.2 1145
-0.0179865 -0.39943 0 -0.1 0 -0.4 -0.1 1146
0 -0.4 0 0 0 -0.4 0 1147
0.0179865 -0.39943 0 0.1 0 -0.4 0.1 1148
0.0358921 -0.397724 0 0.2 0 -0.4 0.2 1149
0.0536365 -0.394891 0 0.3 0 -0.4 0.3 1150
0.0711401 -0.390945 0 0.4 0 -0.4 0.4 1151
0.088325 -0.385909 0 0.5 0 -0.4 0.5 1152
0.105115 -0.379809 0 0.6 0 -0.4 0.6 1153
0.121437 -0.372677 0 0.7 0 -0.4 0.7 1154
0.137219 -0.364553 0 0.8 0 -0.4 0.8 1155
-0.102914 -0.273414 0 -0.8 0 -0.3 -0.8 1156
-0.0910775 -0.279508 0 -0.7 0 -0.3 -0.7 1157
-0.0788364 -0.284857 0 -0.6 0 -0.3 -0.6 1158
-0.0662438 -0.289432 0 -0.5 0 -0.3 -0.5 1159
-0.0533551 -0.293209 0 -0.4 0 -0.3 -0.4 1160
-0.0402274 -0.296168 0 -0.3 0 -0.3 -0.3 1161
-0.0269191 -0.298293 0 -0.2 0 -0.3 -0.2 1162
-0.0134899 -0.299573 0 -0.1 0 -0.3 -0.1 1163
0 -0.3 0 0 0 -0.3 0 1164
0.0134899 -0.299573 0 0.1 0 -0.3 0.1 1165
0.0269191 -0.298293 0 0.2 0 -0.3 0.2 1166
0.0402274 -0.296168 0 0.3 0 -0.3 0.3 1167
0.0533551 -0.293209 0 0.4 0 -0.3 0.4 1168
0.0662438 -0.289432 0 0.5 0 -0.3 0.5 1169
0.0788364 -0.284857 0 0.6 0 -0.3 0.6 1170
0.0910775 -0.279508 0 0.7 0 -0.3 0.7 1171
0.102914 -0.273414 0 0.8 0 -0.3 0.8 1172
-0.0686093 -0.182276 0 -0.8 0 -0.2 -0.8 1173
-0.0607183 -0.186339 0 -0.7 0 -0.2 -0.7 1174
-0.0525576 -0.189904 0 -0.6 0 -0.2 -0.6 1175
-0.0441625 -0.192954 0 -0.5 0 -0.2 -0.5 1176
-0.0355701 -0.195473 0 -0.4 0 -0.2 -0.4 1177
-0.0268182 -0.197445 0 -0.3 0 -0.2 -0.3 1178
-0.0179461 -0.198862 0 -0.2 0 -0.2 -0.2 1179
-0.00899325 -0.199715 0 -0.1 0 -0.2 -0.1 1180
0 -0.2 0 0 0 -0.2 0 1181
0.00899325 -0.199715 0 0.1 0 -0.2 0.1 1182
0.0179461 -0.198862 0 0.2 0 -0.2 0.2 1183
0.0268182 -0.197445 0 0.3 0 -0.2 0.3 1184
0.0355701 -0.195473 0 0.4 0 -0.2 0.4 1185
0.0441625 -0.192954 0 0.5 0 -0.2 0.5 1186
0.0525576 -0.189904 0 0.6 0 -0.2 0.6 1187
0.0607183 -0.186339 0 0.7 0 -0.2 0.7 1188
0.0686093 -0.182276 0 0.8 0 -0.2 0.8 1189
-0.0343047 -0.0911381 0 -0.8 0 -0.1 -0.8 1190
-0.0303592 -0.0931693 0 -0.7 0 -0.1 -0.7 1191
-0.0262788 -0.0949522 0 -0.6 0 -0.1 -0.6 1192
-0.0220813 -0.0964772 0 -0.5 0 -0.1 -0.5 1193
-0.017785 -0.0977363 0 -0.4 0 -0.1 -0.4 1194
-0.0134091 -0.0987227 0 -0.3 0 -0.1 -0.3 1195
-0.00897303 -0.099431 0 -0.2 0 -0.1 -0.2 1196
-0.00449663 -0.0998576 0 -0.1 0 -0.1 -0.1 1197
0 -0.1 0 0 0 -0.1 0 1198
0.00449663 -0.0998576 0 0.1 0 -0.1 0.1 1199
0.00897303 -0.099431 0 0.2 0 -0.1 0.2 1200
0.0134091 -0.0987227 0 0.3 0 -0.1 0.3 1201
0.017785 -0.0977363 0 0.4 0 -0.1 0.4 1202
0.0220813 -0.0964772 0 0.5 0 -0.1 0.5 1203
0.0262788 -0.0949522 0 0.6 0 -0.1 0.6 1204
0.0303592 -0.0931693 0 0.7 0 -0.1 0.7 1205
0.0343047 -0.0911381 0 0.8 0 -0.1 0.8 1206
0 0 0 -0.8 0 0 -0.8 1207
0 0 0 -0.7 0 0 -0.7 1208
0 0 0 -0.6 0 0 -0.6 1209
0 0 0 -0.5 0 0 -0.5 1210
0 0 0 -0.4 0 0 -0.4 1211
0 0 0 -0.3 0 0 -0.3 1212
0 0 0 -0.2 0 0 -0.2 1213
0 0 0 -0.1 0 0 -0.1 1214
0 0 0 0 0 0 0 1215
0 0 0 0.1 0 0 0.1 1216
0 0 0 0.2 0 0 0.2 1217
0 0 0 0.3 0 0 0.3 1218
0 0 0 0.4 0 0 0.4 1219
0 0 0 0.5 0 0 0.5 1220
0 0 0 0.6 0 0 0.6 1221
0 0 0 0.7 0 0 0.7 1222
0 0 0 0.8 0 0 0.8 1223
0.0343047 0.0911381 0 -0.8 0 0.1 -0.8 1224
0.0303592 0.0931693 0 -0.7 0 0.1 -0.7 1225
0.0262788 0.0949522 0 -0.6 0 0.1 -0.6 1226
0.0220813 0.0964772 0 -0.5 0 0.1 -0.5 1227
0.017785 0.0977363 0 -0.4 0 0.1 -0.4 1228
0.0134091 0.0987227 0 -0.3 0 0.1 -0.3 1229
0.00897303 0.099431 0 -0.2 0 0.1 -0.2 1230
0.00449663 0.0998576 0 -0.1 0 0.1 -0.1 1231
0 0.1 0 0 0 0.1 0 1232
-0.00449663 0.0998576 0 0.1 0 0.1 0.1 1233
-0.00897303 0.099431 0 0.2 0 0.1 0.2 1234
-0.0134091 0.0987227 0 0.3 0 0.1 0.3 1235
-0.017785 0.0977363 0 0.4 0 0.1 0.4 1236
-0.0220813 0.0964772 0 0.5 0 0.1 0.5 1237
-0.0262788 0.0949522 0 0.6 0 0.1 0.6 1238
-0.0303592 0.0931693 0 0.7 0 0.1 0.7 1239
-0.0343047 0.0911381 0 0.8 0 0.1 0.8 1240
0.0686093 0.182276 0 -0.8 0 0.2 -0.8 1241
0.0607183 0.186339 0 -0.7 0 0.2 -0.7 1242
0.0525576 0.189904 0 -0.6 0 0.2 -0.6 1243
0.0441625 0.192954 0 -0.5 0 0.2 -0.5 1244
0.0355701 0.195473 0 -0.4 0 0.2 -0.4 1245
0.0268182 0.197445 0 -0.3 0 0.2 -0.3 1246
0.0179461 0.198862 0 -0.2 0 0.2 -0.2 1247
0.00899325 0.199715 0 -0.1 0 0.2 -0.1 1248
0 0.2 0 0 0 0.2 0 1249
-0.00899325 0.199715 0 0.1 0 0.2 0.1 1250
-0.0179461 0.198862 0 0.2 0 0.2 0.2 1251
-0.0268182 0.197445 0 0.3 0 0.2 0.3 1252
-0.0355701 0.195473 0 0.4 0 0.2 0.4 1253
-0.0441625 0.192954 0 0.5 0 0.2 0.5 1254
-0.0525576 0.189904 0 0.6 0 0.2 0.6 1255
-0.0607183 0.186339 0 0.7 0 0.2 0.7 1256
-0.0686093 0.182276 0 0.8 0 0.2 0.8 1257
0.102914 0.273414 0 -0.8 0 0.3 -0.8 1258
0.0910775 0.279508 0 -0.7 0 0.3 -0.7 1259
0.0788364 0.284857 0 -0.6 0 0.3 -0.6 1260
0.0662438 0.289432 0 -0.5 0 0.3 -0.5 1261
0.0533551 0.293209 0 -0.4 0 0.3 -0.4 1262
0.0402274 0.296168 0 -0.3 0 0.3 -0.3 1263
0.0269191 0.298293 0 -0.2 0 0.3 -0.2 1264
0.0134899 0.299573 0 -0.1 0 0.3 -0.1 1265
0 0.3 0 0 0 0.3 0 1266
-0.0134899 0.299573 0 0.1 0 0.3 0.1 1267
-0.0269191 0.298293 0 0.2 0 0.3 0.2 1268
-0.0402274 0.296168 0 0.3 0 0.3 0.3 1269
-0.0533551 0.293209 0 0.4 0 0.3 0.4 1270
-0.0662438 0.289432 0 0.5 0 0.3 0.5 1271
-0.0788364 0.284857 0 0.6 0 0.3 0.6 1272
-0.0910775 0.279508 0 0.7 0 0.3 0.7 1273
-0.102914 0.273414 0 0.8 0 0.3 0.8 1274
0.137219 0.364553 0 -0.8 0 0.4 -0.8 1275
0.121437 0.372677 0 -0.7 0 0.4 -0.7 1276
0.105115 0.379809 0 -0.6 0 0.4 -0.6 1277
0.088325 0.385909 0 -0.5 0 0.4 -0.5 1278
0.0711401 0.390945 0 -0.4 0 0.4 -0.4 1279
0.0536365 0.394891 0 -0.3 0 0.4 -0.3 1280
0.0358921 0.397724 0 -0.2 0 0.4 -0.2 1281
0.0179865 0.39943 0 -0.1 0 0.4 -0.1 1282
0 0.4 0 0 0 0.4 0 1283
-0.0179865 0.39943 0 0.1 0 0.4 0.1 1284
-0.0358921 0.397724 0 0.2 0 0.4 0.2 1285
-0.0536365 0.394891 0 0.3 0 0.4 0.3 1286
-0.0711401 0.390945 0 0.4 0 0.4 0.4 1287
-0.088325 0.385909 0 0.5 0 0.4 0.5 1288
-0.105115 0.379809 0 0.6 0 0.4 0.6 1289
-0.121437 0.372677 0 0.7 0 0.4 0.7 1290
-0.137219 0.364553 0 0.8 0 0.4 0.8 1291
0.171523 0.455691 0 -0.8 0 0.5 -0.8 1292
0.151796 0.465847 0 -0.7 0 0.5 -0.7 1293
0.131394 0.474761 0 -0.6 0 0.5 -0.6 1294
0.110406 0.482386 0 -0.5 0 0.5 -0.5 1295
0.0889251 0.488681 0 -0.4 0 0.5 -0.4 1296
0.0670456 0.493613 0 -0.3 0 0.5 -0.3 1297
0.0448652 0.497155 0 -0.2 0 0.5 -0.2 1298
0.0224831 0.499288 0 -0.1 0 0.5 -0.1 1299
0 0.5 0 0 0 0.5 0 1300
-0.0224831 0.499288 0 0.1 0 0.5 0.1 1301
-0.0448652 0.497155 0 0.2 0 0.5 0.2 1302
-0.0670456 0.493613 0 0.3 0 0.5 0.3 1303
-0.0889251 0.488681 0 0.4 0 0.5 0.4 1304
-0.110406 0.482386 0 0.5 0 0.5 0.5 1305
-0.131394 0.474761 0 0.6 0 0.5 0.6 1306
-0.151796 0.465847 0 0.7 0 0.5 0.7 1307
-0.171523 0.455691 0 0.8 0 0.5 0.8 1308
0.205828 0.546829 0 -0.8 0 0.6 -0.8 1309
0.182155 0.559016 0 -0.7 0 0.6 -0.7 1310
0.157673 0.569713 0 -0.6 0 0.6 -0.6 1311
0.132488 0.578863 0 -0.5 0 0.6 -0.5 1312
0.10671 0.586418 0 -0.4 0 0.6 -0.4 1313
0.0804547 0.592336 0 -0.3 0 0.6 -0.3 1314
0.0538382 0.596586 0 -0.2 0 0.6 -0.2 1315
0.0269798 0.599145 0 -0.1 0 0.6 -0.1 1316
0 0.6 0 0 0 0.6 0 1317
-0.0269798 0.599145 0 0.1 0 0.6 0.1 1318
-0.0538382 0.596586 0 0.2 0 0.6 0.2 1319
-0.0804547 0.592336 0 0.3 0 0.6 0.3 1320
-0.10671 0.586418 0 0.4 0 0.6 0.4 1321
-0.132488 0.578863 0 0.5 0 0.6 0.5 1322
-0.157673 0.569713 0 0.6 0 0.6 0.6 1323
-0.182155 0.559016 0 0.7 0 0.6 0.7 1324
-0.205828 0.546829 0 0.8 0 0.6 0.8 1325
-0.11469 -0.581134 0 -0.8 0.1 -0.6 -0.8 1326
-0.0889857 -0.589375 0 -0.7 0.1 -0.6 -0.7 1327
-0.0627205 -0.595992 0 -0.6 0.1 -0.6 -0.6 1328
-0.0360103 -0.600945 0 -0.5 0.1 -0.6 -0.5 1329
-0.00897387 -0.604203 0 -0.4 0.1 -0.6 -0.4 1330
0.0182679 -0.605745 0 -0.3 0.1 -0.6 -0.3 1331
0.0455928 -0.605559 0 -0.2 0.1 -0.6 -0.2 1332
0.0728778 -0.603642 0 -0.1 0.1 -0.6 -0.1 1333
0.1 -0.6 0 0 0.1 -0.6 0 1334
0.126837 -0.594649 0 0.1 0.1 -0.6 0.1 1335
0.153269 -0.587613 0 0.2 0.1 -0.6 0.2 1336
0.179177 -0.578927 0 0.3 0.1 -0.6 0.3 1337
0.204446 -0.568633 0 0.4 0.1 -0.6 0.4 1338
0.228965 -0.556782 0 0.5 0.1 -0.6 0.5 1339
0.252625 -0.543434 0 0.6 0.1 -0.6 0.6 1340
0.275324 -0.528657 0 0.7 0.1 -0.6 0.7 1341
0.296966 -0.512524 0 0.8 0.1 -0.6 0.8 1342
-0.0803851 -0.489995 0 -0.8 0.1 -0.5 -0.8 1343
-0.0586265 -0.496206 0 -0.7 0.1 -0.5 -0.7 1344
-0.0364418 -0.50104 0 -0.6 0.1 -0.5 -0.6 1345
-0.0139291 -0.504467 0 -0.5 0.1 -0.5 -0.5 1346
0.00881116 -0.506467 0 -0.4 0.1 -0.5 -0.4 1347
0.0316771 -0.507022 0 -0.3 0.1 -0.5 -0.3 1348
0.0545659 -0.506128 0 -0.2 0.1 -0.5 -0.2 1349
0.0773744 -0.503784 0 -0.1 0.1 -0.5 -0.1 1350
0.1 -0.5 0 0 0.1 -0.5 0 1351
0.122341 -0.494791 0 0.1 0.1 -0.5 0.1 1352
0.144296 -0.488182 0 0.2 0.1 -0.5 0.2 1353
0.165768 -0.480204 0 0.3 0.1 -0.5 0.3 1354
0.186661 -0.470896 0 0.4 0.1 -0.5 0.4 1355
0.206884 -0.460305 0 0.5 0.1 -0.5 0.5 1356
0.226346 -0.448482 0 0.6 0.1 -0.5 0.6 1357
0.244965 -0.435487 0 0.7 0.1 -0.5 0.7 1358
0.262661 -0.421386 0 0.8 0.1 -0.5 0.8 1359
-0.0460805 -0.398857 0 -0.8 0.1 -0.4 -0.8 1360
-0.0282674 -0.403036 0 -0.7 0.1 -0.4 -0.7 1361
-0.010163 -0.406087 0 -0.6 0.1 -0.4 -0.6 1362
0.00815218 -0.40799 0 -0.5 0.1 -0.4 -0.5 1363
0.0265962 -0.40873 0 -0.4 0.1 -0.4 -0.4 1364
0.0450862 -0.4083 0 -0.3 0.1 -0.4 -0.3 1365
0.0635389 -0.406697 0 -0.2 0.1 -0.4 -0.2 1366
0.0818711 -0.403927 0 -0.1 0.1 -0.4 -0.1 1367
0.1 -0.4 0 0 0.1 -0.4 0 1368
0.117844 -0.394934 0 0.1 0.1 -0.4 0.1 1369
0.135323 -0.388751 0 0.2 0.1 -0.4 0.2 1370
0.152359 -0.381482 0 0.3 0.1 -0.4 0.3 1371
0.168876 -0.37316 0 0.4 0.1 -0.4 0.4 1372
0.184802 -0.363828 0 0.5 0.1 -0.4 0.5 1373
0.200067 -0.35353 0 0.6 0.1 -0.4 0.6 1374
0.214606 -0.342318 0 0.7 0.1 -0.4 0.7 1375
0.228357 -0.330248 0 0.8 0.1 -0.4 0.8 1376
-0.0117758 -0.307719 0 -0.8 0.1 -0.3 -0.8 1377
0.00209181 -0.309867 0 -0.7 0.1 -0.3 -0.7 1378
0.0161158 -0.311135 0 -0.6 0.1 -0.3 -0.6 1379
0.0302334 -0.311513 0 -0.5 0.1 -0.3 -0.5 1380
0.0443812 -0.310994 0 -0.4 0.1 -0.3 -0.4 1381
0.0584953 -0.309577 0 -0.3 0.1 -0.3 -0.3 1382
0.0725119 -0.307266 0 -0.2 0.1 -0.3 -0.2 1383
0.0863677 -0.304069 0 -0.1 0.1 -0.3 -0.1 1384
0.1 -0.3 0 0 0.1 -0.3 0 1385
0.113347 -0.295076 0 0.1 0.1 -0.3 0.1 1386
0.12635 -0.28932 0 0.2 0.1 -0.3 0.2 1387
0.13895 -0.282759 0 0.3 0.1 -0.3 0.3 1388
0.151091 -0.275424 0 0.4 0.1 -0.3 0.4 1389
0.162721 -0.26735 0 0.5 0.1 -0.3 0.5 1390
0.173789 -0.258578 0 0.6 0.1 -0.3 0.6 1391
0.184247 -0.249149 0 0.7 0.1 -0.3 0.7 1392
0.194052 -0.23911 0 0.8 0.1 -0.3 0.8 1393
0.0225288 -0.216581 0 -0.8 0.1 -0.2 -0.8 1394
0.032451 -0.216698 0 -0.7 0.1 -0.2 -0.7 1395
0.0423946 -0.216183 0 -0.6 0.1 -0.2 -0.6 1396
0.0523147 -0.215036 0 -0.5 0.1 -0.2 -0.5 1397
0.0621662 -0.213258 0 -0.4 0.1 -0.2 -0.4 1398
0.0719044 -0.210854 0 -0.3 0.1 -0.2 -0.3 1399
0.081485 -0.207835 0 -0.2 0.1 -0.2 -0.2 1400
0.0908643 -0.204212 0 -0.1 0.1 -0.2 -0.1 1401
0.1 -0.2 0 0 0.1 -0.2 0 1402
0.108851 -0.195219 0 0.1 0.1 -0.2 0.1 1403
0.117377 -0.189889 0 0.2 0.1 -0.2 0.2 1404
0.125541 -0.184036 0 0.3 0.1 -0.2 0.3 1405
0.133306 -0.177688 0 0.4 0.1 -0.2 0.4 1406
0.14064 -0.170873 0 0.5 0.1 -0.2 0.5 1407
0.14751 -0.163626 0 0.6 0.1 -0.2 0.6 1408
0.153888 -0.155979 0 0.7 0.1 -0.2 0.7 1409
0.159747 -0.147972 0 0.8 0.1 -0.2 0.8 1410
0.0568335 -0.125443 0 -0.8 0.1 -0.1 -0.8 1411
0.0628101 -0.123528 0 -0.7 0.1 -0.1 -0.7 1412
0.0686734 -0.121231 0 -0.6 0.1 -0.1 -0.6 1413
0.074396 -0.118558 0 -0.5 0.1 -0.1 -0.5 1414
0.0799513 -0.115521 0 -0.4 0.1 -0.1 -0.4 1415
0.0853135 -0.112132 0 -0.3 0.1 -0.1 -0.3 1416
0.090458 -0.108404 0 -0.2 0.1 -0.1 -0.2 1417
0.0953609 -0.104354 0 -0.1 0.1 -0.1 -0.1 1418
0.1 -0.1 0 0 0.1 -0.1 0 1419
0.104354 -0.0953609 0 0.1 0.1 -0.1 0.1 1420
0.108404 -0.090458 0 0.2 0.1 -0.1 0.2 1421
0.112132 -0.0853135 0 0.3 0.1 -0.1 0.3 1422
0.115521 -0.0799513 0 0.4 0.1 -0.1 0.4 1423
0.118558 -0.074396 0 0.5 0.1 -0.1 0.5 1424
0.121231 -0.0686734 0 0.6 0.1 -0.1 0.6 1425
0.123528 -0.0628101 0 0.7 0.1 -0.1 0.7 1426
0.125443 -0.0568335 0 0.8 0.1 -0.1 0.8 1427
0.0911381 -0.0343047 0 -0.8 0.1 0 -0.8 1428
0.0931693 -0.0303592 0 -0.7 0.1 0 -0.7 1429
0.0949522 -0.0262788 0 -0.6 0.1 0 -0.6 1430
0.0964772 -0.0220813 0 -0.5 0.1 0 -0.5 1431
0.0977363 -0.017785 0 -0.4 0.1 0 -0.4 1432
0.0987227 -0.0134091 0 -0.3 0.1 0 -0.3 1433
0.099431 -0.00897303 0 -0.2 0.1 0 -0.2 1434
0.0998576 -0.00449663 0 -0.1 0.1 0 -0.1 1435
0.1 0 0 0 0.1 0 0 1436
0.0998576 0.00449663 0 0.1 0.1 0 0.1 1437
0.099431 0.00897303 0 0.2 0.1 0 0.2 1438
0.0987227 0.0134091 0 0.3 0.1 0 0.3 1439
0.0977363 0.017785 0 0.4 0.1 0 0.4 1440
0.0964772 0.0220813 0 0.5 0.1 0 0.5 1441
0.0949522 0.0262788 0 0.6 0.1 0 0.6 1442
0.0931693 0.0303592 0 0.7 0.1 0 0.7 1443
0.0911381 0.0343047 0 0.8 0.1 0 0.8 1444
0.125443 0.0568335 0 -0.8 0.1 0.1 -0.8 1445
0.123528 0.0628101 0 -0.7 0.1 0.1 -0.7 1446
0.121231 0.0686734 0 -0.6 0.1 0.1 -0.6 1447
0.118558 0.074396 0 -0.5 0.1 0.1 -0.5 1448
0.115521 0.0799513 0 -0.4 0.1 0.1 -0.4 1449
0.112132 0.0853135 0 -0.3 0.1 0.1 -0.3 1450
0.108404 0.090458 0 -0.2 0.1 0.1 -0.2 1451
0.104354 0.0953609 0 -0.1 0.1 0.1 -0.1 1452
0.1 0.1 0 0 0.1 0.1 0 1453
0.0953609 0.104354 0 0.1 0.1 0.1 0.1 1454
0.090458 0.108404 0 0.2 0.1 0.1 0.2 1455
0.0853135 0.112132 0 0.3 0.1 0.1 0.3 1456
0.0799513 0.115521 0 0.4 0.1 0.1 0.4 1457
0.074396 0.118558 0 0.5 0.1 0.1 0.5 1458
0.0686734 0.121231 0 0.6 0.1 0.1 0.6 1459
0.0628101 0.123528 0 0.7 0.1 0.1 0.7 1460
0.0568335 0.125443 0 0.8 0.1 0.1 0.8 1461
0.159747 0.147972 0 -0.8 0.1 0.2 -0.8 1462
0.153888 0.155979 0 -0.7 0.1 0.2 -0.7 1463
0.14751 0.163626 0 -0.6 0.1 0.2 -0.6 1464
0.14064 0.170873 0 -0.5 0.1 0.2 -0.5 1465
0.133306 0.177688 0 -0.4 0.1 0.2 -0.4 1466
0.125541 0.184036 0 -0.3 0.1 0.2 -0.3 1467
0.117377 0.189889 0 -0.2 0.1 0.2 -0.2 1468
0.108851 0.195219 0 -0.1 0.1 0.2 -0.1 1469
0.1 0.2 0 0 0.1 0.2 0 1470
0.0908643 0.204212 0 0.1 0.1 0.2 0.1 1471
0.081485 0.207835 0 0.2 0.1 0.2 0.2 1472
0.0719044 0.210854 0 0.3 0.1 0.2 0.3 1473
0.0621662 0.213258 0 0.4 0.1 0.2 0.4 1474
0.0523147 0.215036 0 0.5 0.1 0.2 0.5 1475
0.0423946 0.216183 0 0.6 0.1 0.2 0.6 1476
0.032451 0.216698 0 0.7 0.1 0.2 0.7 1477
0.0225288 0.216581 0 0.8 0.1 0.2 0.8 1478
0.194052 0.23911 0 -0.8 0.1 0.3 -0.8 1479
0.184247 0.249149 0 -0.7 0.1 0.3 -0.7 1480
0.173789 0.258578 0 -0.6 0.1 0.3 -0.6 1481
0.162721 0.26735 0 -0.5 0.1 0.3 -0.5 1482
0.151091 0.275424 0 -0.4 0.1 0.3 -0.4 1483
0.13895 0.282759 0 -0.3 0.1 0.3 -0.3 1484
0.12635 0.28932 0 -0.2 0.1 0.3 -0.2 1485
0.113347 0.295076 0 -0.1 0.1 0.3 -0.1 1486
0.1 0.3 0 0 0.1 0.3 0 1487
0.0863677 0.304069 0 0.1 0.1 0.3 0.1 1488
0.0725119 0.307266 0 0.2 0.1 0.3 0.2 1489
0.0584953 0.309577 0 0.3 0.1 0.3 0.3 1490
0.0443812 0.310994 0 0.4 0.1 0.3 0.4 1491
0.0302334 0.311513 0 0.5 0.1 0.3 0.5 1492
0.0161158 0.311135 0 0.6 0.1 0.3 0.6 1493
0.00209181 0.309867 0 0.7 0.1 0.3 0.7 1494
-0.0117758 0.307719 0 0.8 0.1 0.3 0.8 1495
0.228357 0.330248 0 -0.8 0.1 0.4 -0.8 1496
0.214606 0.342318 0 -0.7 0.1 0.4 -0.7 1497
0.200067 0.35353 0 -0.6 0.1 0.4 -0.6 1498
0.184802 0.363828 0 -0.5 0.1 0.4 -0.5 1499
0.168876 0.37316 0 -0.4 0.1 0.4 -0.4 1500
0.152359 0.381482 0 -0.3 0.1 0.4 -0.3 1501
0.135323 0.388751 0 -0.2 0.1 0.4 -0.2 1502
0.117844 0.394934 0 -0.1 0.1 0.4 -0.1 1503
0.1 0.4 0 0 0.1 0.4 0 1504
0.0818711 0.403927 0 0.1 0.1 0.4 0.1 1505
0.0635389 0.406697 0 0.2 0.1 0.4 0.2 1506
0.0450862 0.4083 0 0.3 0.1 0.4 0.3 1507
0.0265962 0.40873 0 0.4 0.1 0.4 0.4 1508
0.00815218 0.40799 0 0.5 0.1 0.4 0.5 1509
-0.010163 0.406087 0 0.6 0.1 0.4 0.6 1510
-0.0282674 0.403036 0 0.7 0.1 0.4 0.7 1511
-0.0460805 0.398857 0 0.8 0.1 0.4 0.8 1512
0.262661 0.421386 0 -0.8 0.1 0.5 -0.8 1513
0.244965 0.435487 0 -0.7 0.1 0.5 -0.7 1514
0.226346 0.448482 0 -0.6 0.1 0.5 -0.6 1515
0.206884 0.460305 0 -0.5 0.1 0.5 -0.5 1516
0.186661 0.470896 0 -0.4 0.1 0.5 -0.4 1517
0.165768 0.480204 0 -0.3 0.1 0.5 -0.3 1518
0.144296 0.488182 0 -0.2 0.1 0.5 -0.2 1519
0.122341 0.494791 0 -0.1 0.1 0.5 -0.1 1520
0.1 0.5 0 0 0.1 0.5 0 1521
0.0773744 0.503784 0 0.1 0.1 0.5 0.1 1522
0.0545659 0.506128 0 0.2 0.1 0.5 0.2 1523
0.0316771 0.507022 0 0.3 0.1 0.5 0.3 1524
0.00881116 0.506467 0 0.4 0.1 0.5 0.4 1525
-0.0139291 0.504467 0 0.5 0.1 0.5 0.5 1526
-0.0364418 0.50104 0 0.6 0.1 0.5 0.6 1527
-0.0586265 0.496206 0 0.7 0.1 0.5 0.7 1528
-0.0803851 0.489995 0 0.8 0.1 0.5 0.8 1529
0.296966 0.512524 0 -0.8 0.1 0.6 -0.8 1530
0.275324 0.528657 0 -0.7 0.1 0.6 -0.7 1531
0.252625 0.543434 0 -0.6 0.1 0.6 -0.6 1532
0.228965 0.556782 0 -0.5 0.1 0.6 -0.5 1533
0.204446 0.568633 0 -0.4 0.1 0.6 -0.4 1534
0.179177 0.578927 0 -0.3 0.1 0.6 -0.3 1535
0.153269 0.587613 0 -0.2 0.1 0.6 -0.2 1536
0.126837 0.594649 0 -0.1 0.1 0.6 -0.1 1537
0.1 0.6 0 0 0.1 0.6 0 1538
0.0728778 0.603642 0 0.1 0.1 0.6 0.1 1539
0.0455928 0.605559 0 0.2 0.1 0.6 0.2 1540
0.0182679 0.605745 0 0.3 0.1 0.6 0.3 1541
-0.00897387 0.604203 0 0.4 0.1 0.6 0.4 1542
-0.0360103 0.600945 0 0.5 0.1 0.6 0.5 1543
-0.0627205 0.595992 0 0.6 0.1 0.6 0.6 1544
-0.0889857 0.589375 0 0.7 0.1 0.6 0.7 1545
-0.11469 0.581134 0 0.8 0.1 0.6 0.8 1546
-0.0235517 -0.615438 0 -0.8 0.2 -0.6 -0.8 1547
0.00418361 -0.619734 0 -0.7 0.2 -0.6 -0.7 1548
0.0322316 -0.622271 0 -0.6 0.2 -0.6 -0.6 1549
0.0604669 -0.623026 0 -0.5 0.2 -0.6 -0.5 1550
0.0887624 -0.621988 0 -0.4 0.2 -0.6 -0.4 1551
0.116991 -0.619154 0 -0.3 0.2 -0.6 -0.3 1552
0.145024 -0.614532 0 -0.2 0.2 -0.6 -0.2 1553
0.172735 -0.608139 0 -0.1 0.2 -0.6 -0.1 1554
0.2 -0.6 0 0 0.2 -0.6 0 1555
0.226695 -0.590152 0 0.1 0.2 -0.6 0.1 1556
0.2527 -0.57864 0 0.2 0.2 -0.6 0.2 1557
0.2779 -0.565518 0 0.3 0.2 -0.6 0.3 1558
0.302183 -0.550848 0 0.4 0.2 -0.6 0.4 1559
0.325442 -0.534701 0 0.5 0.2 -0.6 0.5 1560
0.347577 -0.517155 0 0.6 0.2 -0.6 0.6 1561
0.368494 -0.498297 0 0.7 0.2 -0.6 0.7 1562
0.388104 -0.47822 0 0.8 0.2 -0.6 0.8 1563
0.010753 -0.5243 0 -0.8 0.2 -0.5 -0.8 1564
0.0345428 -0.526565 0 -0.7 0.2 -0.5 -0.7 1565
0.0585104 -0.527318 0 -0.6 0.2 -0.5 -0.6 1566
0.0825481 -0.526549 0 -0.5 0.2 -0.5 -0.5 1567
0.106547 -0.524252 0 -0.4 0.2 -0.5 -0.4 1568
0.1304 -0.520432 0 -0.3 0.2 -0.5 -0.3 1569
0.153997 -0.515101 0 -0.2 0.2 -0.5 -0.2 1570
0.177232 -0.508281 0 -0.1 0.2 -0.5 -0.1 1571
0.2 -0.5 0 0 0.2 -0.5 0 1572
0.222198 -0.490295 0 0.1 0.2 -0.5 0.1 1573
0.243727 -0.479209 0 0.2 0.2 -0.5 0.2 1574
0.264491 -0.466795 0 0.3 0.2 -0.5 0.3 1575
0.284398 -0.453111 0 0.4 0.2 -0.5 0.4 1576
0.303361 -0.438224 0 0.5 0.2 -0.5 0.5 1577
0.321298 -0.422203 0 0.6 0.2 -0.5 0.6 1578
0.338134 -0.405128 0 0.7 0.2 -0.5 0.7 1579
0.3538 -0.387081 0 0.8 0.2 -0.5 0.8 1580
0.0450577 -0.433162 0 -0.8 0.2 -0.4 -0.8 1581
0.0649019 -0.433396 0 -0.7 0.2 -0.4 -0.7 1582
0.0847892 -0.432366 0 -0.6 0.2 -0.4 -0.6 1583
0.104629 -0.430071 0 -0.5 0.2 -0.4 -0.5 1584
0.124332 -0.426515 0 -0.4 0.2 -0.4 -0.4 1585
0.143809 -0.421709 0 -0.3 0.2 -0.4 -0.3 1586
0.16297 -0.41567 0 -0.2 0.2 -0.4 -0.2 1587
0.181729 -0.408424 0 -0.1 0.2 -0.4 -0.1 1588
0.2 -0.4 0 0 0.2 -0.4 0 1589
0.217702 -0.390437 0 0.1 0.2 -0.4 0.1 1590
0.234754 -0.379778 0 0.2 0.2 -0.4 0.2 1591
0.251082 -0.368072 0 0.3 0.2 -0.4 0.3 1592
0.266613 -0.355375 0 0.4 0.2 -0.4 0.4 1593
0.281279 -0.341746 0 0.5 0.2 -0.4 0.5 1594
0.295019 -0.327251 0 0.6 0.2 -0.4 0.6 1595
0.307775 -0.311959 0 0.7 0.2 -0.4 0.7 1596
0.319495 -0.295943 0 0.8 0.2 -0.4 0.8 1597
0.0793623 -0.342024 0 -0.8 0.2 -0.3 -0.8 1598
0.0952611 -0.340226 0 -0.7 0.2 -0.3 -0.7 1599
0.111068 -0.337414 0 -0.6 0.2 -0.3 -0.6 1600
0.126711 -0.333594 0 -0.5 0.2 -0.3 -0.5 1601
0.142118 -0.328779 0 -0.4 0.2 -0.3 -0.4 1602
0.157218 -0.322986 0 -0.3 0.2 -0.3 -0.3 1603
0.171943 -0.316239 0 -0.2 0.2 -0.3 -0.2 1604
0.186225 -0.308566 0 -0.1 0.2 -0.3 -0.1 1605
0.2 -0.3 0 0 0.2 -0.3 0 1606
0.213205 -0.290579 0 0.1 0.2 -0.3 0.1 1607
0.225781 -0.280347 0 0.2 0.2 -0.3 0.2 1608
0.237673 -0.26935 0 0.3 0.2 -0.3 0.3 1609
0.248828 -0.257639 0 0.4 0.2 -0.3 0.4 1610
0.259198 -0.245269 0 0.5 0.2 -0.3 0.5 1611
0.268741 -0.232299 0 0.6 0.2 -0.3 0.6 1612
0.277416 -0.21879 0 0.7 0.2 -0.3 0.7 1613
0.28519 -0.204805 0 0.8 0.2 -0.3 0.8 1614
0.113667 -0.250886 0 -0.8 0.2 -0.2 -0.8 1615
0.12562 -0.247057 0 -0.7 0.2 -0.2 -0.7 1616
0.137347 -0.242462 0 -0.6 0.2 -0.2 -0.6 1617
0.148792 -0.237117 0 -0.5 0.2 -0.2 -0.5 1618
0.159903 -0.231043 0 -0.4 0.2 -0.2 -0.4 1619
0.170627 -0.224264 0 -0.3 0.2 -0.2 -0.3 1620
0.180916 -0.216808 0 -0.2 0.2 -0.2 -0.2 1621
0.190722 -0.208708 0 -0.1 0.2 -0.2 -0.1 1622
0.2 -0.2 0 0 0.2 -0.2 0 1623
0.208708 -0.190722 0 0.1 0.2 -0.2 0.1 1624
0.216808 -0.180916 0 0.2 0.2 -0.2 0.2 1625
0.224264 -0.170627 0 0.3 0.2 -0.2 0.3 1626
0.231043 -0.159903 0 0.4 0.2 -0.2 0.4 1627
0.237117 -0.148792 0 0.5 0.2 -0.2 0.5 1628
0.242462 -0.137347 0 0.6 0.2 -0.2 0.6 1629
0.247057 -0.12562 0 0.7 0.2 -0.2 0.7 1630
0.250886 -0.113667 0 0.8 0.2 -0.2 0.8 1631
0.147972 -0.159747 0 -0.8 0.2 -0.1 -0.8 1632
0.155979 -0.153888 0 -0.7 0.2 -0.1 -0.7 1633
0.163626 -0.14751 0 -0.6 0.2 -0.1 -0.6 1634
0.170873 -0.14064 0 -0.5 0.2 -0.1 -0.5 1635
0.177688 -0.133306 0 -0.4 0.2 -0.1 -0.4 1636
0.184036 -0.125541 0 -0.3 0.2 -0.1 -0.3 1637
0.189889 -0.117377 0 -0.2 0.2 -0.1 -0.2 1638
0.195219 -0.108851 0 -0.1 0.2 -0.1 -0.1 1639
0.2 -0.1 0 0 0.2 -0.1 0 1640
0.204212 -0.0908643 0 0.1 0.2 -0.1 0.1 1641
0.207835 -0.081485 0 0.2 0.2 -0.1 0.2 1642
0.210854 -0.0719044 0 0.3 0.2 -0.1 0.3 1643
0.213258 -0.0621662 0 0.4 0.2 -0.1 0.4 1644
0.215036 -0.0523147 0 0.5 0.2 -0.1 0.5 1645
0.216183 -0.0423946 0 0.6 0.2 -0.1 0.6 1646
0.216698 -0.032451 0 0.7 0.2 -0.1 0.7 1647
0.216581 -0.0225288 0 0.8 0.2 -0.1 0.8 1648
0.182276 -0.0686093 0 -0.8 0.2 0 -0.8 1649
0.186339 -0.0607183 0 -0.7 0.2 0 -0.7 1650
0.189904 -0.0525576 0 -0.6 0.2 0 -0.6 1651
0.192954 -0.0441625 0 -0.5 0.2 0 -0.5 1652
0.195473 -0.0355701 0 -0.4 0.2 0 -0.4 1653
0.197445 -0.0268182 0 -0.3 0.2 0 -0.3 1654
0.198862 -0.0179461 0 -0.2 0.2 0 -0.2 1655
0.199715 -0.00899325 0 -0.1 0.2 0 -0.1 1656
0.2 0 0 0 0.2 0 0 1657
0.199715 0.00899325 0 0.1 0.2 0 0.1 1658
0.198862 0.0179461 0 0.2 0.2 0 0.2 1659
0.197445 0.0268182 0 0.3 0.2 0 0.3 1660
0.195473 0.0355701 0 0.4 0.2 0 0.4 1661
0.192954 0.0441625 0 0.5 0.2 0 0.5 1662
0.189904 0.0525576 0 0.6 0.2 0 0.6 1663
0.186339 0.0607183 0 0.7 0.2 0 0.7 1664
0.182276 0.0686093 0 0.8 0.2 0 0.8 1665
0.216581 0.0225288 0 -0.8 0.2 0.1 -0.8 1666
0.216698 0.032451 0 -0.7 0.2 0.1 -0.7 1667
0.216183 0.0423946 0 -0.6 0.2 0.1 -0.6 1668
0.215036 0.0523147 0 -0.5 0.2 0.1 -0.5 1669
0.213258 0.0621662 0 -0.4 0.2 0.1 -0.4 1670
0.210854 0.0719044 0 -0.3 0.2 0.1 -0.3 1671
0.207835 0.081485 0 -0.2 0.2 0.1 -0.2 1672
0.204212 0.0908643 0 -0.1 0.2 0.1 -0.1 1673
0.2 0.1 0 0 0.2 0.1 0 1674
0.195219 0.108851 0 0.1 0.2 0.1 0.1 1675
0.189889 0.117377 0 0.2 0.2 0.1 0.2 1676
0.184036 0.125541 0 0.3 0.2 0.1 0.3 1677
0.177688 0.133306 0 0.4 0.2 0.1 0.4 1678
0.170873 0.14064 0 0.5 0.2 0.1 0.5 1679
0.163626 0.14751 0 0.6 0.2 0.1 0.6 1680
0.155979 0.153888 0 0.7 0.2 0.1 0.7 1681
0.147972 0.159747 0 0.8 0.2 0.1 0.8 1682
0.250886 0.113667 0 -0.8 0.2 0.2 -0.8 1683
0.247057 0.12562 0 -0.7 0.2 0.2 -0.7 1684
0.242462 0.137347 0 -0.6 0.2 0.2 -0.6 1685
0.237117 0.148792 0 -0.5 0.2 0.2 -0.5 1686
0.231043 0.159903 0 -0.4 0.2 0.2 -0.4 1687
0.224264 0.170627 0 -0.3 0.2 0.2 -0.3 1688
0.216808 0.180916 0 -0.2 0.2 0.2 -0.2 1689
0.208708 0.190722 0 -0.1 0.2 0.2 -0.1 1690
0.2 0.2 0 0 0.2 0.2 0 1691
0.190722 0.208708 0 0.1 0.2 0.2 0.1 1692
0.180916 0.216808 0 0.2 0.2 0.2 0.2 1693
0.170627 0.224264 0 0.3 0.2 0.2 0.3 1694
0.159903 0.231043 0 0.4 0.2 0.2 0.4 1695
0.148792 0.237117 0 0.5 0.2 0.2 0.5 1696
0.137347 0.242462 0 0.6 0.2 0.2 0.6 1697
0.12562 0.247057 0 0.7 0.2 0.2 0.7 1698
0.113667 0.250886 0 0.8 0.2 0.2 0.8 1699
0.28519 0.204805 0 -0.8 0.2 0.3 -0.8 1700
0.277416 0.21879 0 -0.7 0.2 0.3 -0.7 1701
0.268741 0.232299 0 -0.6 0.2 0.3 -0.6 1702
0.259198 0.245269 0 -0.5 0.2 0.3 -0.5 1703
0.248828 0.257639 0 -0.4 0.2 0.3 -0.4 1704
0.237673 0.26935 0 -0.3 0.2 0.3 -0.3 1705
0.225781 0.280347 0 -0.2 0.2 0.3 -0.2 1706
0.213205 0.290579 0 -0.1 0.2 0.3 -0.1 1707
0.2 0.3 0 0 0.2 0.3 0 1708
0.186225 0.308566 0 0.1 0.2 0.3 0.1 1709
0.171943 0.316239 0 0.2 0.2 0.3 0.2 1710
0.157218 0.322986 0 0.3 0.2 0.3 0.3 1711
0.142118 0.328779 0 0.4 0.2 0.3 0.4 1712
0.126711 0.333594 0 0.5 0.2 0.3 0.5 1713
0.111068 0.337414 0 0.6 0.2 0.3 0.6 1714
0.0952611 0.340226 0 0.7 0.2 0.3 0.7 1715
0.0793623 0.342024 0 0.8 0.2 0.3 0.8 1716
0.319495 0.295943 0 -0.8 0.2 0.4 -0.8 1717
0.307775 0.311959 0 -0.7 0.2 0.4 -0.7 1718
0.295019 0.327251 0 -0.6 0.2 0.4 -0.6 1719
0.281279 0.341746 0 -0.5 0.2 0.4 -0.5 1720
0.266613 0.355375 0 -0.4 0.2 0.4 -0.4 1721
0.251082 0.368072 0 -0.3 0.2 0.4 -0.3 1722
0.234754 0.379778 0 -0.2 0.2 0.4 -0.2 1723
0.217702 0.390437 0 -0.1 0.2 0.4 -0.1 1724
0.2 0.4 0 0 0.2 0.4 0 1725
0.181729 0.408424 0 0.1 0.2 0.4 0.1 1726
0.16297 0.41567 0 0.2 0.2 0.4 0.2 1727
0.143809 0.421709 0 0.3 0.2 0.4 0.3 1728
0.124332 0.426515 0 0.4 0.2 0.4 0.4 1729
0.104629 0.430071 0 0.5 0.2 0.4 0.5 1730
0.0847892 0.432366 0 0.6 0.2 0.4 0.6 1731
0.0649019 0.433396 0 0.7 0.2 0.4 0.7 1732
0.0450577 0.433162 0 0.8 0.2 0.4 0.8 1733
0.3538 0.387081 0 -0.8 0.2 0.5 -0.8 1734
0.338134 0.405128 0 -0.7 0.2 0.5 -0.7 1735
0.321298 0.422203 0 -0.6 0.2 0.5 -0.6 1736
0.303361 0.438224 0 -0.5 0.2 0.5 -0.5 1737
0.284398 0.453111 0 -0.4 0.2 0.5 -0.4 1738
0.264491 0.466795 0 -0.3 0.2 0.5 -0.3 1739
0.243727 0.479209 0 -0.2 0.2 0.5 -0.2 1740
0.222198 0.490295 0 -0.1 0.2 0.5 -0.1 1741
0.2 0.5 0 0 0.2 0.5 0 1742
0.177232 0.508281 0 0.1 0.2 0.5 0.1 1743
0.153997 0.515101 0 0.2 0.2 0.5 0.2 1744
0.1304 0.520432 0 0.3 0.2 0.5 0.3 1745
0.106547 0.524252 0 0.4 0.2 0.5 0.4 1746
0.0825481 0.526549 0 0.5 0.2 0.5 0.5 1747
0.0585104 0.527318 0 0.6 0.2 0.5 0.6 1748
0.0345428 0.526565 0 0.7 0.2 0.5 0.7 1749
0.010753 0.5243 0 0.8 0.2 0.5 0.8 1750
0.388104 0.47822 0 -0.8 0.2 0.6 -0.8 1751
0.368494 0.498297 0 -0.7 0.2 0.6 -0.7 1752
0.347577 0.517155 0 -0.6 0.2 0.6 -0.6 1753
0.325442 0.534701 0 -0.5 0.2 0.6 -0.5 1754
0.302183 0.550848 0 -0.4 0.2 0.6 -0.4 1755
0.2779 0.565518 0 -0.3 0.2 0.6 -0.3 1756
0.2527 0.57864 0 -0.2 0.2 0.6 -0.2 1757
0.226695 0.590152 0 -0.1 0.2 0.6 -0.1 1758
0.2 0.6 0 0 0.2 0.6 0 1759
0.172735 0.608139 0 0.1 0.2 0.6 0.1 1760
0.145024 0.614532 0 0.2 0.2 0.6 0.2 1761
0.116991 0.619154 0 0.3 0.2 0.6 0.3 1762
0.0887624 0.621988 0 0.4 0.2 0.6 0.4 1763
0.0604669 0.623026 0 0.5 0.2 0.6 0.5 1764
0.0322316 0.622271 0 0.6 0.2 0.6 0.6 1765
0.00418361 0.619734 0 0.7 0.2 0.6 0.7 1766
-0.0235517 0.615438 0 0.8 0.2 0.6 0.8 1767
0.0675865 -0.649743 0 -0.8 0.3 -0.6 -0.8 1768
0.0973529 -0.650093 0 -0.7 0.3 -0.6 -0.7 1769
0.127184 -0.648549 0 -0.6 0.3 -0.6 -0.6 1770
0.156944 -0.645107 0 -0.5 0.3 -0.6 -0.5 1771
0.186499 -0.639773 0 -0.4 0.3 -0.6 -0.4 1772
0.215713 -0.632563 0 -0.3 0.3 -0.6 -0.3 1773
0.244455 -0.623505 0 -0.2 0.3 -0.6 -0.2 1774
0.272593 -0.612635 0 -0.1 0.3 -0.6 -0.1 1775
0.3 -0.6 0 0 0.3 -0.6 0 1776
0.326552 -0.585656 0 0.1 0.3 -0.6 0.1 1777
0.352131 -0.569667 0 0.2 0.3 -0.6 0.2 1778
0.376623 -0.552109 0 0.3 0.3 -0.6 0.3 1779
0.399919 -0.533063 0 0.4 0.3 -0.6 0.4 1780
0.421919 -0.51262 0 0.5 0.3 -0.6 0.5 1781
0.442529 -0.490877 0 0.6 0.3 -0.6 0.6 1782
0.461663 -0.467938 0 0.7 0.3 -0.6 0.7 1783
0.479242 -0.443915 0 0.8 0.3 -0.6 0.8 1784
0.101891 -0.558605 0 -0.8 0.3 -0.5 -0.8 1785
0.127712 -0.556924 0 -0.7 0.3 -0.5 -0.7 1786
0.153463 -0.553597 0 -0.6 0.3 -0.5 -0.6 1787
0.179025 -0.54863 0 -0.5 0.3 -0.5 -0.5 1788
0.204284 -0.542037 0 -0.4 0.3 -0.5 -0.4 1789
0.229122 -0.533841 0 -0.3 0.3 -0.5 -0.3 1790
0.253428 -0.524074 0 -0.2 0.3 -0.5 -0.2 1791
0.27709 -0.512778 0 -0.1 0.3 -0.5 -0.1 1792
0.3 -0.5 0 0 0.3 -0.5 0 1793
0.322056 -0.485798 0 0.1 0.3 -0.5 0.1 1794
0.343158 -0.470236 0 0.2 0.3 -0.5 0.2 1795
0.363214 -0.453386 0 0.3 0.3 -0.5 0.3 1796
0.382134 -0.435326 0 0.4 0.3 -0.5 0.4 1797
0.399838 -0.416142 0 0.5 0.3 -0.5 0.5 1798
0.41625 -0.395924 0 0.6 0.3 -0.5 0.6 1799
0.431304 -0.374769 0 0.7 0.3 -0.5 0.7 1800
0.444938 -0.352777 0 0.8 0.3 -0.5 0.8 1801
0.136196 -0.467467 0 -0.8 0.3 -0.4 -0.8 1802
0.158071 -0.463755 0 -0.7 0.3 -0.4 -0.7 1803
0.179741 -0.458645 0 -0.6 0.3 -0.4 -0.6 1804
0.201107 -0.452153 0 -0.5 0.3 -0.4 -0.5 1805
0.222069 -0.4443 0 -0.4 0.3 -0.4 -0.4 1806
0.242532 -0.435118 0 -0.3 0.3 -0.4 -0.3 1807
0.262401 -0.424643 0 -0.2 0.3 -0.4 -0.2 1808
0.281586 -0.41292 0 -0.1 0.3 -0.4 -0.1 1809
0.3 -0.4 0 0 0.3 -0.4 0 1810
0.317559 -0.38594 0 0.1 0.3 -0.4 0.1 1811
0.334185 -0.370805 0 0.2 0.3 -0.4 0.2 1812
0.349804 -0.354663 0 0.3 0.3 -0.4 0.3 1813
0.364349 -0.33759 0 0.4 0.3 -0.4 0.4 1814
0.377757 -0.319665 0 0.5 0.3 -0.4 0.5 1815
0.389972 -0.300972 0 0.6 0.3 -0.4 0.6 1816
0.400945 -0.2816 0 0.7 0.3 -0.4 0.7 1817
0.410633 -0.261639 0 0.8 0.3 -0.4 0.8 1818
0.1705 -0.376328 0 -0.8 0.3 -0.3 -0.8 1819
0.18843 -0.370585 0 -0.7 0.3 -0.3 -0.7 1820
0.20602 -0.363693 0 -0.6 0.3 -0.3 -0.6 1821
0.223188 -0.355675 0 -0.5 0.3 -0.3 -0.5 1822
0.239854 -0.346564 0 -0.4 0.3 -0.3 -0.4 1823
0.255941 -0.336395 0 -0.3 0.3 -0.3 -0.3 1824
0.271374 -0.325212 0 -0.2 0.3 -0.3 -0.2 1825
0.286083 -0.313063 0 -0.1 0.3 -0.3 -0.1 1826
0.3 -0.3 0 0 0.3 -0.3 0 1827
0.313063 -0.286083 0 0.1 0.3 -0.3 0.1 1828
0.325212 -0.271374 0 0.2 0.3 -0.3 0.2 1829
0.336395 -0.255941 0 0.3 0.3 -0.3 0.3 1830
0.346564 -0.239854 0 0.4 0.3 -0.3 0.4 1831
0.355675 -0.223188 0 0.5 0.3 -0.3 0.5 1832
0.363693 -0.20602 0 0.6 0.3 -0.3 0.6 1833
0.370585 -0.18843 0 0.7 0.3 -0.3 0.7 1834
0.376328 -0.1705 0 0.8 0.3 -0.3 0.8 1835
0.204805 -0.28519 0 -0.8 0.3 -0.2 -0.8 1836
0.21879 -0.277416 0 -0.7 0.3 -0.2 -0.7 1837
0.232299 -0.268741 0 -0.6 0.3 -0.2 -0.6 1838
0.245269 -0.259198 0 -0.5 0.3 -0.2 -0.5 1839
0.257639 -0.248828 0 -0.4 0.3 -0.2 -0.4 1840
0.26935 -0.237673 0 -0.3 0.3 -0.2 -0.3 1841
0.280347 -0.225781 0 -0.2 0.3 -0.2 -0.2 1842
0.290579 -0.213205 0 -0.1 0.3 -0.2 -0.1 1843
0.3 -0.2 0 0 0.3 -0.2 0 1844
0.308566 -0.186225 0 0.1 0.3 -0.2 0.1 1845
0.316239 -0.171943 0 0.2 0.3 -0.2 0.2 1846
0.322986 -0.157218 0 0.3 0.3 -0.2 0.3 1847
0.328779 -0.142118 0 0.4 0.3 -0.2 0.4 1848
0.333594 -0.126711 0 0.5 0.3 -0.2 0.5 1849
0.337414 -0.111068 0 0.6 0.3 -0.2 0.6 1850
0.340226 -0.0952611 0 0.7 0.3 -0.2 0.7 1851
0.342024 -0.0793623 0 0.8 0.3 -0.2 0.8 1852
0.23911 -0.194052 0 -0.8 0.3 -0.1 -0.8 1853
0.249149 -0.184247 0 -0.7 0.3 -0.1 -0.7 1854
0.258578 -0.173789 0 -0.6 0.3 -0.1 -0.6 1855
0.26735 -0.162721 0 -0.5 0.3 -0.1 -0.5 1856
0.275424 -0.151091 0 -0.4 0.3 -0.1 -0.4 1857
0.282759 -0.13895 0 -0.3 0.3 -0.1 -0.3 1858
0.28932 -0.12635 0 -0.2 0.3 -0.1 -0.2 1859
0.295076 -0.113347 0 -0.1 0.3 -0.1 -0.1 1860
0.3 -0.1 0 0 0.3 -0.1 0 1861
0.304069 -0.0863677 0 0.1 0.3 -0.1 0.1 1862
0.307266 -0.0725119 0 0.2 0.3 -0.1 0.2 1863
0.309577 -0.0584953 0 0.3 0.3 -0.1 0.3 1864
0.310994 -0.0443812 0 0.4 0.3 -0.1 0.4 1865
0.311513 -0.0302334 0 0.5 0.3 -0.1 0.5 1866
0.311135 -0.0161158 0 0.6 0.3 -0.1 0.6 1867
0.309867 -0.00209181 0 0.7 0.3 -0.1 0.7 1868
0.307719 0.0117758 0 0.8 0.3 -0.1 0.8 1869
0.273414 -0.102914 0 -0.8 0.3 0 -0.8 1870
0.279508 -0.0910775 0 -0.7 0.3 0 -0.7 1871
0.284857 -0.0788364 0 -0.6 0.3 0 -0.6 1872
0.289432 -0.0662438 0 -0.5 0.3 0 -0.5 1873
0.293209 -0.0533551 0 -0.4 0.3 0 -0.4 1874
0.296168 -0.0402274 0 -0.3 0.3 0 -0.3 1875
0.298293 -0.0269191 0 -0.2 0.3 0 -0.2 1876
0.299573 -0.0134899 0 -0.1 0.3 0 -0.1 1877
0.3 0 0 0 0.3 0 0 1878
0.299573 0.0134899 0 0.1 0.3 0 0.1 1879
0.298293 0.0269191 0 0.2 0.3 0 0.2 1880
0.296168 0.0402274 0 0.3 0.3 0 0.3 1881
0.293209 0.0533551 0 0.4 0.3 0 0.4 1882
0.289432 0.0662438 0 0.5 0.3 0 0.5 1883
0.284857 0.0788364 0 0.6 0.3 0 0.6 1884
0.279508 0.0910775 0 0.7 0.3 0 0.7 1885
0.273414 0.102914 0 0.8 0.3 0 0.8 1886
0.307719 -0.0117758 0 -0.8 0.3 0.1 -0.8 1887
0.309867 0.00209181 0 -0.7 0.3 0.1 -0.7 1888
0.311135 0.0161158 0 -0.6 0.3 0.1 -0.6 1889
0.311513 0.0302334 0 -0.5 0.3 0.1 -0.5 1890
0.310994 0.0443812 0 -0.4 0.3 0.1 -0.4 1891
0.309577 0.0584953 0 -0.3 0.3 0.1 -0.3 1892
0.307266 0.0725119 0 -0.2 0.3 0.1 -0.2 1893
0.304069 0.0863677 0 -0.1 0.3 0.1 -0.1 1894
0.3 0.1 0 0 0.3 0.1 0 1895
0.295076 0.113347 0 0.1 0.3 0.1 0.1 1896
0.28932 0.12635 0 0.2 0.3 0.1 0.2 1897
0.282759 0.13895 0 0.3 0.3 0.1 0.3 1898
0.275424 0.151091 0 0.4 0.3 0.1 0.4 1899
0.26735 0.162721 0 0.5 0.3 0.1 0.5 1900
0.258578 0.173789 0 0.6 0.3 0.1 0.6 1901
0.249149 0.184247 0 0.7 0.3 0.1 0.7 1902
0.23911 0.194052 0 0.8 0.3 0.1 0.8 1903
0.342024 0.0793623 0 -0.8 0.3 0.2 -0.8 1904
0.340226 0.0952611 0 -0.7 0.3 0.2 -0.7 1905
0.337414 0.111068 0 -0.6 0.3 0.2 -0.6 1906
0.333594 0.126711 0 -0.5 0.3 0.2 -0.5 1907
0.328779 0.142118 0 -0.4 0.3 0.2 -0.4 1908
0.322986 0.157218 0 -0.3 0.3 0.2 -0.3 1909
0.316239 0.171943 0 -0.2 0.3 0.2 -0.2 1910
0.308566 0.186225 0 -0.1 0.3 0.2 -0.1 1911
0.3 0.2 0 0 0.3 0.2 0 1912
0.290579 0.213205 0 0.1 0.3 0.2 0.1 1913
0.280347 0.225781 0 0.2 0.3 0.2 0.2 1914
0.26935 0.237673 0 0.3 0.3 0.2 0.3 1915
0.257639 0.248828 0 0.4 0.3 0.2 0.4 1916
0.245269 0.259198 0 0.5 0.3 0.2 0.5 1917
0.232299 0.268741 0 0.6 0.3 0.2 0.6 1918
0.21879 0.277416 0 0.7 0.3 0.2 0.7 1919
0.204805 0.28519 0 0.8 0.3 0.2 0.8 1920
0.376328 0.1705 0 -0.8 0.3 0.3 -0.8 1921
0.370585 0.18843 0 -0.7 0.3 0.3 -0.7 1922
0.363693 0.20602 0 -0.6 0.3 0.3 -0.6 1923
0.355675 0.223188 0 -0.5 0.3 0.3 -0.5 1924
0.346564 0.239854 0 -0.4 0.3 0.3 -0.4 1925
0.336395 0.255941 0 -0.3 0.3 0.3 -0.3 1926
0.325212 0.271374 0 -0.2 0.3 0.3 -0.2 1927
0.313063 0.286083 0 -0.1 0.3 0.3 -0.1 1928
0.3 0.3 0 0 0.3 0.3 0 1929
0.286083 0.313063 0 0.1 0.3 0.3 0.1 1930
0.271374 0.325212 0 0.2 0.3 0.3 0.2 1931
0.255941 0.336395 0 0.3 0.3 0.3 0.3 1932
0.239854 0.346564 0 0.4 0.3 0.3 0.4 1933
0.223188 0.355675 0 0.5 0.3 0.3 0.5 1934
0.20602 0.363693 0 0.6 0.3 0.3 0.6 1935
0.18843 0.370585 0 0.7 0.3 0.3 0.7 1936
0.1705 0.376328 0 0.8 0.3 0.3 0.8 1937
0.410633 0.261639 0 -0.8 0.3 0.4 -0.8 1938
0.400945 0.2816 0 -0.7 0.3 0.4 -0.7 1939
0.389972 0.300972 0 -0.6 0.3 0.4 -0.6 1940
0.377757 0.319665 0 -0.5 0.3 0.4 -0.5 1941
0.364349 0.33759 0 -0.4 0.3 0.4 -0.4 1942
0.349804 0.354663 0 -0.3 0.3 0.4 -0.3 1943
0.334185 0.370805 0 -0.2 0.3 0.4 -0.2 1944
0.317559 0.38594 0 -0.1 0.3 0.4 -0.1 1945
0.3 0.4 0 0 0.3 0.4 0 1946
0.281586 0.41292 0 0.1 0.3 0.4 0.1 1947
0.262401 0.424643 0 0.2 0.3 0.4 0.2 1948
0.242532 0.435118 0 0.3 0.3 0.4 0.3 1949
0.222069 0.4443 0 0.4 0.3 0.4 0.4 1950
0.201107 0.452153 0 0.5 0.3 0.4 0.5 1951
0.179741 0.458645 0 0.6 0.3 0.4 0.6 1952
0.158071 0.463755 0 0.7 0.3 0.4 0.7 1953
0.136196 0.467467 0 0.8 0.3 0.4 0.8 1954
0.444938 0.352777 0 -0.8 0.3 0.5 -0.8 1955
0.431304 0.374769 0 -0.7 0.3 0.5 -0.7 1956
0.41625 0.395924 0 -0.6 0.3 0.5 -0.6 1957
0.399838 0.416142 0 -0.5 0.3 0.5 -0.5 1958
0.382134 0.435326 0 -0.4 0.3 0.5 -0.4 1959
0.363214 0.453386 0 -0.3 0.3 0.5 -0.3 1960
0.343158 0.470236 0 -0.2 0.3 0.5 -0.2 1961
0.322056 0.485798 0 -0.1 0.3 0.5 -0.1 1962
0.3 0.5 0 0 0.3 0.5 0 1963
0.27709 0.512778 0 0.1 0.3 0.5 0.1 1964
0.253428 0.524074 0 0.2 0.3 0.5 0.2 1965
0.229122 0.533841 0 0.3 0.3 0.5 0.3 1966
0.204284 0.542037 0 0.4 0.3 0.5 0.4 1967
0.179025 0.54863 0 0.5 0.3 0.5 0.5 1968
0.153463 0.553597 0 0.6 0.3 0.5 0.6 1969
0.127712 0.556924 0 0.7 0.3 0.5 0.7 1970
0.101891 0.558605 0 0.8 0.3 0.5 0.8 1971
0.479242 0.443915 0 -0.8 0.3 0.6 -0.8 1972
0.461663 0.467938 0 -0.7 0.3 0.6 -0.7 1973
0.442529 0.490877 0 -0.6 0.3 0.6 -0.6 1974
0.421919 0.51262 0 -0.5 0.3 0.6 -0.5 1975
0.399919 0.533063 0 -0.4 0.3 0.6 -0.4 1976
0.376623 0.552109 0 -0.3 0.3 0.6 -0.3 1977
0.352131 0.569667 0 -0.2 0.3 0.6 -0.2 1978
0.326552 0.585656 0 -0.1 0.3 0.6 -0.1 1979
0.3 0.6 0 0 0.3 0.6 0 1980
0.272593 0.612635 0 0.1 0.3 0.6 0.1 1981
0.244455 0.623505 0 0.2 0.3 0.6 0.2 1982
0.215713 0.632563 0 0.3 0.3 0.6 0.3 1983
0.186499 0.639773 0 0.4 0.3 0.6 0.4 1984
0.156944 0.645107 0 0.5 0.3 0.6 0.5 1985
0.127184 0.648549 0 0.6 0.3 0.6 0.6 1986
0.0973529 0.650093 0 0.7 0.3 0.6 0.7 1987
0.0675865 0.649743 0 0.8 0.3 0.6 0.8 1988
0.158725 -0.684048 0 -0.8 0.4 -0.6 -0.8 1989
0.190522 -0.680452 0 -0.7 0.4 -0.6 -0.7 1990
0.222136 -0.674828 0 -0.6 0.4 -0.6 -0.6 1991
0.253421 -0.667188 0 -0.5 0.4 -0.6 -0.5 1992
0.284235 -0.657558 0 -0.4 0.4 -0.6 -0.4 1993
0.314436 -0.645972 0 -0.3 0.4 -0.6 -0.3 1994
0.343886 -0.632478 0 -0.2 0.4 -0.6 -0.2 1995
0.37245 -0.617132 0 -0.1 0.4 -0.6 -0.1 1996
0.4 -0.6 0 0 0.4 -0.6 0 1997
0.42641 -0.581159 0 0.1 0.4 -0.6 0.1 1998
0.451562 -0.560694 0 0.2 0.4 -0.6 0.2 1999
0.475345 -0.5387 0 0.3 0.4 -0.6 0.3 2000
0.497655 -0.515278 0 0.4 0.4 -0.6 0.4 2001
0.518396 -0.490538 0 0.5 0.4 -0.6 0.5 2002
0.537481 -0.464598 0 0.6 0.4 -0.6 0.6 2003
0.554832 -0.437579 0 0.7 0.4 -0.6 0.7 2004
0.570381 -0.40961 0 0.8 0.4 -0.6 0.8 2005
0.193029 -0.592909 0 -0.8 0.4 -0.5 -0.8 2006
0.220881 -0.587283 0 -0.7 0.4 -0.5 -0.7 2007
0.248415 -0.579876 0 -0.6 0.4 -0.5 -0.6 2008
0.275503 -0.570711 0 -0.5 0.4 -0.5 -0.5 2009
0.30202 -0.559822 0 -0.4 0.4 -0.5 -0.4 2010
0.327845 -0.54725 0 -0.3 0.4 -0.5 -0.3 2011
0.352859 -0.533047 0 -0.2 0.4 -0.5 -0.2 2012
0.376947 -0.517274 0 -0.1 0.4 -0.5 -0.1 2013
0.4 -0.5 0 0 0.4 -0.5 0 2014
0.421913 -0.481301 0 0.1 0.4 -0.5 0.1 2015
0.442589 -0.461263 0 0.2 0.4 -0.5 0.2 2016
0.461936 -0.439977 0 0.3 0.4 -0.5 0.3 2017
0.47987 -0.417541 0 0.4 0.4 -0.5 0.4 2018
0.496315 -0.394061 0 0.5 0.4 -0.5 0.5 2019
0.511203 -0.369646 0 0.6 0.4 -0.5 0.6 2020
0.524473 -0.34441 0 0.7 0.4 -0.5 0.7 2021
0.536076 -0.318472 0 0.8 0.4 -0.5 0.8 2022
0.227334 -0.501771 0 -0.8 0.4 -0.4 -0.8 2023
0.251241 -0.494114 0 -0.7 0.4 -0.4 -0.7 2024
0.274694 -0.484924 0 -0.6 0.4 -0.4 -0.6 2025
0.297584 -0.474234 0 -0.5 0.4 -0.4 -0.5 2026
0.319805 -0.462085 0 -0.4 0.4 -0.4 -0.4 2027
0.341254 -0.448527 0 -0.3 0.4 -0.4 -0.3 2028
0.361832 -0.433616 0 -0.2 0.4 -0.4 -0.2 2029
0.381444 -0.417417 0 -0.1 0.4 -0.4 -0.1 2030
0.4 -0.4 0 0 0.4 -0.4 0 2031
0.417417 -0.381444 0 0.1 0.4 -0.4 0.1 2032
0.433616 -0.361832 0 0.2 0.4 -0.4 0.2 2033
0.448527 -0.341254 0 0.3 0.4 -0.4 0.3 2034
0.462085 -0.319805 0 0.4 0.4 -0.4 0.4 2035
0.474234 -0.297584 0 0.5 0.4 -0.4 0.5 2036
0.484924 -0.274694 0 0.6 0.4 -0.4 0.6 2037
0.494114 -0.251241 0 0.7 0.4 -0.4 0.7 2038
0.501771 -0.227334 0 0.8 0.4 -0.4 0.8 2039
0.261639 -0.410633 0 -0.8 0.4 -0.3 -0.8 2040
0.2816 -0.400945 0 -0.7 0.4 -0.3 -0.7 2041
0.300972 -0.389972 0 -0.6 0.4 -0.3 -0.6 2042
0.319665 -0.377757 0 -0.5 0.4 -0.3 -0.5 2043
0.33759 -0.364349 0 -0.4 0.4 -0.3 -0.4 2044
0.354663 -0.349804 0 -0.3 0.4 -0.3 -0.3 2045
0.370805 -0.334185 0 -0.2 0.4 -0.3 -0.2 2046
0.38594 -0.317559 0 -0.1 0.4 -0.3 -0.1 2047
0.4 -0.3 0 0 0.4 -0.3 0 2048
0.41292 -0.281586 0 0.1 0.4 -0.3 0.1 2049
0.424643 -0.262401 0 0.2 0.4 -0.3 0.2 2050
0.435118 -0.242532 0 0.3 0.4 -0.3 0.3 2051
0.4443 -0.222069 0 0.4 0.4 -0.3 0.4 2052
0.452153 -0.201107 0 0.5 0.4 -0.3 0.5 2053
0.458645 -0.179741 0 0.6 0.4 -0.3 0.6 2054
0.463755 -0.158071 0 0.7 0.4 -0.3 0.7 2055
0.467467 -0.136196 0 0.8 0.4 -0.3 0.8 2056
0.295943 -0.319495 0 -0.8 0.4 -0.2 -0.8 2057
0.311959 -0.307775 0 -0.7 0.4 -0.2 -0.7 2058
0.327251 -0.295019 0 -0.6 0.4 -0.2 -0.6 2059
0.341746 -0.281279 0 -0.5 0.4 -0.2 -0.5 2060
0.355375 -0.266613 0 -0.4 0.4 -0.2 -0.4 2061
0.368072 -0.251082 0 -0.3 0.4 -0.2 -0.3 2062
0.379778 -0.234754 0 -0.2 0.4 -0.2 -0.2 2063
0.390437 -0.217702 0 -0.1 0.4 -0.2 -0.1 2064
0.4 -0.2 0 0 0.4 -0.2 0 2065
0.408424 -0.181729 0 0.1 0.4 -0.2 0.1 2066
0.41567 -0.16297 0 0.2 0.4 -0.2 0.2 2067
0.421709 -0.143809 0 0.3 0.4 -0.2 0.3 2068
0.426515 -0.124332 0 0.4 0.4 -0.2 0.4 2069
0.430071 -0.104629 0 0.5 0.4 -0.2 0.5 2070
0.432366 -0.0847892 0 0.6 0.4 -0.2 0.6 2071
0.433396 -0.0649019 0 0.7 0.4 -0.2 0.7 2072
0.433162 -0.0450577 0 0.8 0.4 -0.2 0.8 2073
0.330248 -0.228357 0 -0.8 0.4 -0.1 -0.8 2074
0.342318 -0.214606 0 -0.7 0.4 -0.1 -0.7 2075
0.35353 -0.200067 0 -0.6 0.4 -0.1 -0.6 2076
0.363828 -0.184802 0 -0.5 0.4 -0.1 -0.5 2077
0.37316 -0.168876 0 -0.4 0.4 -0.1 -0.4 2078
0.381482 -0.152359 0 -0.3 0.4 -0.1 -0.3 2079
0.388751 -0.135323 0 -0.2 0.4 -0.1 -0.2 2080
0.394934 -0.117844 0 -0.1 0.4 -0.1 -0.1 2081
0.4 -0.1 0 0 0.4 -0.1 0 2082
0.403927 -0.0818711 0 0.1 0.4 -0.1 0.1 2083
0.406697 -0.0635389 0 0.2 0.4 -0.1 0.2 2084
0.4083 -0.0450862 0 0.3 0.4 -0.1 0.3 2085
0.40873 -0.0265962 0 0.4 0.4 -0.1 0.4 2086
0.40799 -0.00815218 0 0.5 0.4 -0.1 0.5 2087
0.406087 0.010163 0 0.6 0.4 -0.1 0.6 2088
0.403036 0.0282674 0 0.7 0.4 -0.1 0.7 2089
0.398857 0.0460805 0 0.8 0.4 -0.1 0.8 2090
0.364553 -0.137219 0 -0.8 0.4 0 -0.8 2091
0.372677 -0.121437 0 -0.7 0.4 0 -0.7 2092
0.379809 -0.105115 0 -0.6 0.4 0 -0.6 2093
0.385909 -0.088325 0 -0.5 0.4 0 -0.5 2094
0.390945 -0.0711401 0 -0.4 0.4 0 -0.4 2095
0.394891 -0.0536365 0 -0.3 0.4 0 -0.3 2096
0.397724 -0.0358921 0 -0.2 0.4 0 -0.2 2097
0.39943 -0.0179865 0 -0.1 0.4 0 -0.1 2098
0.4 0 0 0 0.4 0 0 2099
0.39943 0.0179865 0 0.1 0.4 0 0.1 2100
0.397724 0.0358921 0 0.2 0.4 0 0.2 2101
0.394891 0.0536365 0 0.3 0.4 0 0.3 2102
0.390945 0.0711401 0 0.4 0.4 0 0.4 2103
0.385909 0.088325 0 0.5 0.4 0 0.5 2104
0.379809 0.105115 0 0.6 0.4 0 0.6 2105
0.372677 0.121437 0 0.7 0.4 0 0.7 2106
0.364553 0.137219 0 0.8 0.4 0 0.8 2107
0.398857 -0.0460805 0 -0.8 0.4 0.1 -0.8 2108
0.403036 -0.0282674 0 -0.7 0.4 0.1 -0.7 2109
0.406087 -0.010163 0 -0.6 0.4 0.1 -0.6 2110
0.40799 0.00815218 0 -0.5 0.4 0.1 -0.5 2111
0.40873 0.0265962 0 -0.4 0.4 0.1 -0.4 2112
0.4083 0.0450862 0 -0.3 0.4 0.1 -0.3 2113
0.406697 0.0635389 0 -0.2 0.4 0.1 -0.2 2114
0.403927 0.0818711 0 -0.1 0.4 0.1 -0.1 2115
0.4 0.1 0 0 0.4 0.1 0 2116
0.394934 0.117844 0 0.1 0.4 0.1 0.1 2117
0.388751 0.135323 0 0.2 0.4 0.1 0.2 2118
0.381482 0.152359 0 0.3 0.4 0.1 0.3 2119
0.37316 0.168876 0 0.4 0.4 0.1 0.4 2120
0.363828 0.184802 0 0.5 0.4 0.1 0.5 2121
0.35353 0.200067 0 0.6 0.4 0.1 0.6 2122
0.342318 0.214606 0 0.7 0.4 0.1 0.7 2123
0.330248 0.228357 0 0.8 0.4 0.1 0.8 2124
0.433162 0.0450577 0 -0.8 0.4 0.2 -0.8 2125
0.433396 0.0649019 0 -0.7 0.4 0.2 -0.7 2126
0.432366 0.0847892 0 -0.6 0.4 0.2 -0.6 2127
0.430071 0.104629 0 -0.5 0.4 0.2 -0.5 2128
0.426515 0.124332 0 -0.4 0.4 0.2 -0.4 2129
0.421709 0.143809 0 -0.3 0.4 0.2 -0.3 2130
0.41567 0.16297 0 -0.2 0.4 0.2 -0.2 2131
0.408424 0.181729 0 -0.1 0.4 0.2 -0.1 2132
0.4 0.2 0 0 0.4 0.2 0 2133
0.390437 0.217702 0 0.1 0.4 0.2 0.1 2134
0.379778 0.234754 0 0.2 0.4 0.2 0.2 2135
0.368072 0.251082 0 0.3 0.4 0.2 0.3 2136
0.355375 0.266613 0 0.4 0.4 0.2 0.4 2137
0.341746 0.281279 0 0.5 0.4 0.2 0.5 2138
0.327251 0.295019 0 0.6 0.4 0.2 0.6 2139
0.311959 0.307775 0 0.7 0.4 0.2 0.7 2140
0.295943 0.319495 0 0.8 0.4 0.2 0.8 2141
0.467467 0.136196 0 -0.8 0.4 0.3 -0.8 2142
0.463755 0.158071 0 -0.7 0.4 0.3 -0.7 2143
0.458645 0.179741 0 -0.6 0.4 0.3 -0.6 2144
0.452153 0.201107 0 -0.5 0.4 0.3 -0.5 2145
0.4443 0.222069 0 -0.4 0.4 0.3 -0.4 2146
0.435118 0.242532 0 -0.3 0.4 0.3 -0.3 2147
0.424643 0.262401 0 -0.2 0.4 0.3 -0.2 2148
0.41292 0.281586 0 -0.1 0.4 0.3 -0.1 2149
0.4 0.3 0 0 0.4 0.3 0 2150
0.38594 0.317559 0 0.1 0.4 0.3 0.1 2151
0.370805 0.334185 0 0.2 0.4 0.3 0.2 2152
0.354663 0.349804 0 0.3 0.4 0.3 0.3 2153
0.33759 0.364349 0 0.4 0.4 0.3 0.4 2154
0.319665 0.377757 0 0.5 0.4 0.3 0.5 2155
0.300972 0.389972 0 0.6 0.4 0.3 0.6 2156
0.2816 0.400945 0 0.7 0.4 0.3 0.7 2157
0.261639 0.410633 0 0.8 0.4 0.3 0.8 2158
0.501771 0.227334 0 -0.8 0.4 0.4 -0.8 2159
0.494114 0.251241 0 -0.7 0.4 0.4 -0.7 2160
0.484924 0.274694 0 -0.6 0.4 0.4 -0.6 2161
0.474234 0.297584 0 -0.5 0.4 0.4 -0.5 2162
0.462085 0.319805 0 -0.4 0.4 0.4 -0.4 2163
0.448527 0.341254 0 -0.3 0.4 0.4 -0.3 2164
0.433616 0.361832 0 -0.2 0.4 0.4 -0.2 2165
0.417417 0.381444 0 -0.1 0.4 0.4 -0.1 2166
0.4 0.4 0 0 0.4 0.4 0 2167
0.381444 0.417417 0 0.1 0.4 0.4 0.1 2168
0.361832 0.433616 0 0.2 0.4 0.4 0.2 2169
0.341254 0.448527 0 0.3 0.4 0.4 0.3 2170
0.319805 0.462085 0 0.4 0.4 0.4 0.4 2171
0.297584 0.474234 0 0.5 0.4 0.4 0.5 2172
0.274694 0.484924 0 0.6 0.4 0.4 0.6 2173
0.251241 0.494114 0 0.7 0.4 0.4 0.7 2174
0.227334 0.501771 0 0.8 0.4 0.4 0.8 2175
0.536076 0.318472 0 -0.8 0.4 0.5 -0.8 2176
0.524473 0.34441 0 -0.7 0.4 0.5 -0.7 2177
0.511203 0.369646 0 -0.6 0.4 0.5 -0.6 2178
0.496315 0.394061 0 -0.5 0.4 0.5 -0.5 2179
0.47987 0.417541 0 -0.4 0.4 0.5 -0.4 2180
0.461936 0.439977 0 -0.3 0.4 0.5 -0.3 2181
0.442589 0.461263 0 -0.2 0.4 0.5 -0.2 2182
0.421913 0.481301 0 -0.1 0.4 0.5 -0.1 2183
0.4 0.5 0 0 0.4 0.5 0 2184
0.376947 0.517274 0 0.1 0.4 0.5 0.1 2185
0.352859 0.533047 0 0.2 0.4 0.5 0.2 2186
0.327845 0.54725 0 0.3 0.4 0.5 0.3 2187
0.30202 0.559822 0 0.4 0.4 0.5 0.4 2188
0.275503 0.570711 0 0.5 0.4 0.5 0.5 2189
0.248415 0.579876 0 0.6 0.4 0.5 0.6 2190
0.220881 0.587283 0 0.7 0.4 0.5 0.7 2191
0.193029 0.592909 0 0.8 0.4 0.5 0.8 2192
0.570381 0.40961 0 -0.8 0.4 0.6 -0.8 2193
0.554832 0.437579 0 -0.7 0.4 0.6 -0.7 2194
0.537481 0.464598 0 -0.6 0.4 0.6 -0.6 2195
0.518396 0.490538 0 -0.5 0.4 0.6 -0.5 2196
0.497655 0.515278 0 -0.4 0.4 0.6 -0.4 2197
0.475345 0.5387 0 -0.3 0.4 0.6 -0.3 2198
0.451562 0.560694 0 -0.2 0.4 0.6 -0.2 2199
0.42641 0.581159 0 -0.1 0.4 0.6 -0.1 2200
0.4 0.6 0 0 0.4 0.6 0 2201
0.37245 0.617132 0 0.1 0.4 0.6 0.1 2202
0.343886 0.632478 0 0.2 0.4 0.6 0.2 2203
0.314436 0.645972 0 0.3 0.4 0.6 0.3 2204
0.284235 0.657558 0 0.4 0.4 0.6 0.4 2205
0.253421 0.667188 0 0.5 0.4 0.6 0.5 2206
0.222136 0.674828 0 0.6 0.4 0.6 0.6 2207
0.190522 0.680452 0 0.7 0.4 0.6 0.7 2208
0.158725 0.684048 0 0.8 0.4 0.6 0.8 2209
0.249863 -0.718352 0 -0.8 0.5 -0.6 -0.8 2210
0.283692 -0.710812 0 -0.7 0.5 -0.6 -0.7 2211
0.317088 -0.701107 0 -0.6 0.5 -0.6 -0.6 2212
0.349899 -0.68927 0 -0.5 0.5 -0.6 -0.5 2213
0.381971 -0.675343 0 -0.4 0.5 -0.6 -0.4 2214
0.413159 -0.659382 0 -0.3 0.5 -0.6 -0.3 2215
0.443317 -0.641451 0 -0.2 0.5 -0.6 -0.2 2216
0.472308 -0.621629 0 -0.1 0.5 -0.6 -0.1 2217
0.5 -0.6 0 0 0.5 -0.6 0 2218
0.526268 -0.576662 0 0.1 0.5 -0.6 0.1 2219
0.550993 -0.551721 0 0.2 0.5 -0.6 0.2 2220
0.574068 -0.52529 0 0.3 0.5 -0.6 0.3 2221
0.595392 -0.497493 0 0.4 0.5 -0.6 0.4 2222
0.614874 -0.468457 0 0.5 0.5 -0.6 0.5 2223
0.632434 -0.438319 0 0.6 0.5 -0.6 0.6 2224
0.648002 -0.40722 0 0.7 0.5 -0.6 0.7 2225
0.661519 -0.375306 0 0.8 0.5 -0.6 0.8 2226
0.284167 -0.627214 0 -0.8 0.5 -0.5 -0.8 2227
0.314051 -0.617642 0 -0.7 0.5 -0.5 -0.7 2228
0.343367 -0.606155 0 -0.6 0.5 -0.5 -0.6 2229
0.37198 -0.592792 0 -0.5 0.5 -0.5 -0.5 2230
0.399756 -0.577607 0 -0.4 0.5 -0.5 -0.4 2231
0.426568 -0.560659 0 -0.3 0.5 -0.5 -0.3 2232
0.45229 -0.54202 0 -0.2 0.5 -0.5 -0.2 2233
0.476805 -0.521771 0 -0.1 0.5 -0.5 -0.1 2234
0.5 -0.5 0 0 0.5 -0.5 0 2235
0.521771 -0.476805 0 0.1 0.5 -0.5 0.1 2236
0.54202 -0.45229 0 0.2 0.5 -0.5 0.2 2237
0.560659 -0.426568 0 0.3 0.5 -0.5 0.3 2238
0.577607 -0.399756 0 0.4 0.5 -0.5 0.4 2239
0.592792 -0.37198 0 0.5 0.5 -0.5 0.5 2240
0.606155 -0.343367 0 0.6 0.5 -0.5 0.6 2241
0.617642 -0.314051 0 0.7 0.5 -0.5 0.7 2242
0.627214 -0.284167 0 0.8 0.5 -0.5 0.8 2243
0.318472 -0.536076 0 -0.8 0.5 -0.4 -0.8 2244
0.34441 -0.524473 0 -0.7 0.5 -0.4 -0.7 2245
0.369646 -0.511203 0 -0.6 0.5 -0.4 -0.6 2246
0.394061 -0.496315 0 -0.5 0.5 -0.4 -0.5 2247
0.417541 -0.47987 0 -0.4 0.5 -0.4 -0.4 2248
0.439977 -0.461936 0 -0.3 0.5 -0.4 -0.3 2249
0.461263 -0.442589 0 -0.2 0.5 -0.4 -0.2 2250
0.481301 -0.421913 0 -0.1 0.5 -0.4 -0.1 2251
0.5 -0.4 0 0 0.5 -0.4 0 2252
0.517274 -0.376947 0 0.1 0.5 -0.4 0.1 2253
0.533047 -0.352859 0 0.2 0.5 -0.4 0.2 2254
0.54725 -0.327845 0 0.3 0.5 -0.4 0.3 2255
0.559822 -0.30202 0 0.4 0.5 -0.4 0.4 2256
0.570711 -0.275503 0 0.5 0.5 -0.4 0.5 2257
0.579876 -0.248415 0 0.6 0.5 -0.4 0.6 2258
0.587283 -0.220881 0 0.7 0.5 -0.4 0.7 2259
0.592909 -0.193029 0 0.8 0.5 -0.4 0.8 2260
0.352777 -0.444938 0 -0.8 0.5 -0.3 -0.8 2261
0.374769 -0.431304 0 -0.7 0.5 -0.3 -0.7 2262
0.395924 -0.41625 0 -0.6 0.5 -0.3 -0.6 2263
0.416142 -0.399838 0 -0.5 0.5 -0.3 -0.5 2264
0.435326 -0.382134 0 -0.4 0.5 -0.3 -0.4 2265
0.453386 -0.363214 0 -0.3 0.5 -0.3 -0.3 2266
0.470236 -0.343158 0 -0.2 0.5 -0.3 -0.2 2267
0.485798 -0.322056 0 -0.1 0.5 -0.3 -0.1 2268
0.5 -0.3 0 0 0.5 -0.3 0 2269
0.512778 -0.27709 0 0.1 0.5 -0.3 0.1 2270
0.524074 -0.253428 0 0.2 0.5 -0.3 0.2 2271
0.533841 -0.229122 0 0.3 0.5 -0.3 0.3 2272
0.542037 -0.204284 0 0.4 0.5 -0.3 0.4 2273
0.54863 -0.179025 0 0.5 0.5 -0.3 0.5 2274
0.553597 -0.153463 0 0.6 0.5 -0.3 0.6 2275
0.556924 -0.127712 0 0.7 0.5 -0.3 0.7 2276
0.558605 -0.101891 0 0.8 0.5 -0.3 0.8 2277
0.387081 -0.3538 0 -0.8 0.5 -0.2 -0.8 2278
0.405128 -0.338134 0 -0.7 0.5 -0.2 -0.7 2279
0.422203 -0.321298 0 -0.6 0.5 -0.2 -0.6 2280
0.438224 -0.303361 0 -0.5 0.5 -0.2 -0.5 2281
0.453111 -0.284398 0 -0.4 0.5 -0.2 -0.4 2282
0.466795 -0.264491 0 -0.3 0.5 -0.2 -0.3 2283
0.479209 -0.243727 0 -0.2 0.5 -0.2 -0.2 2284
0.490295 -0.222198 0 -0.1 0.5 -0.2 -0.1 2285
0.5 -0.2 0 0 0.5 -0.2 0 2286
0.508281 -0.177232 0 0.1 0.5 -0.2 0.1 2287
0.515101 -0.153997 0 0.2 0.5 -0.2 0.2 2288
0.520432 -0.1304 0 0.3 0.5 -0.2 0.3 2289
0.524252 -0.106547 0 0.4 0.5 -0.2 0.4 2290
0.526549 -0.0825481 0 0.5 0.5 -0.2 0.5 2291
0.527318 -0.0585104 0 0.6 0.5 -0.2 0.6 2292
0.526565 -0.0345428 0 0.7 0.5 -0.2 0.7 2293
0.5243 -0.010753 0 0.8 0.5 -0.2 0.8 2294
0.421386 -0.262661 0 -0.8 0.5 -0.1 -0.8 2295
0.435487 -0.244965 0 -0.7 0.5 -0.1 -0.7 2296
0.448482 -0.226346 0 -0.6 0.5 -0.1 -0.6 2297
0.460305 -0.206884 0 -0.5 0.5 -0.1 -0.5 2298
0.470896 -0.186661 0 -0.4 0.5 -0.1 -0.4 2299
0.480204 -0.165768 0 -0.3 0.5 -0.1 -0.3 2300
0.488182 -0.144296 0 -0.2 0.5 -0.1 -0.2 2301
0.494791 -0.122341 0 -0.1 0.5 -0.1 -0.1 2302
0.5 -0.1 0 0 0.5 -0.1 0 2303
0.503784 -0.0773744 0 0.1 0.5 -0.1 0.1 2304
0.506128 -0.0545659 0 0.2 0.5 -0.1 0.2 2305
0.507022 -0.0316771 0 0.3 0.5 -0.1 0.3 2306
0.506467 -0.00881116 0 0.4 0.5 -0.1 0.4 2307
0.504467 0.0139291 0 0.5 0.5 -0.1 0.5 2308
0.50104 0.0364418 0 0.6 0.5 -0.1 0.6 2309
0.496206 0.0586265 0 0.7 0.5 -0.1 0.7 2310
0.489995 0.0803851 0 0.8 0.5 -0.1 0.8 2311
0.455691 -0.171523 0 -0.8 0.5 0 -0.8 2312
0.465847 -0.151796 0 -0.7 0.5 0 -0.7 2313
0.474761 -0.131394 0 -0.6 0.5 0 -0.6 2314
0.482386 -0.110406 0 -0.5 0.5 0 -0.5 2315
0.488681 -0.0889251 0 -0.4 0.5 0 -0.4 2316
0.493613 -0.0670456 0 -0.3 0.5 0 -0.3 2317
0.497155 -0.0448652 0 -0.2 0.5 0 -0.2 2318
0.499288 -0.0224831 0 -0.1 0.5 0 -0.1 2319
0.5 0 0 0 0.5 0 0 2320
0.499288 0.0224831 0 0.1 0.5 0 0.1 2321
0.497155 0.0448652 0 0.2 0.5 0 0.2 2322
0.493613 0.0670456 0 0.3 0.5 0 0.3 2323
0.488681 0.0889251 0 0.4 0.5 0 0.4 2324
0.482386 0.110406 0 0.5 0.5 0 0.5 2325
0.474761 0.131394 0 0.6 0.5 0 0.6 2326
0.465847 0.151796 0 0.7 0.5 0 0.7 2327
0.455691 0.171523 0 0.8 0.5 0 0.8 2328
0.489995 -0.0803851 0 -0.8 0.5 0.1 -0.8 2329
0.496206 -0.0586265 0 -0.7 0.5 0.1 -0.7 2330
0.50104 -0.0364418 0 -0.6 0.5 0.1 -0.6 2331
0.504467 -0.0139291 0 -0.5 0.5 0.1 -0.5 2332
0.506467 0.00881116 0 -0.4 0.5 0.1 -0.4 2333
0.507022 0.0316771 0 -0.3 0.5 0.1 -0.3 2334
0.506128 0.0545659 0 -0.2 0.5 0.1 -0.2 2335
0.503784 0.0773744 0 -0.1 0.5 0.1 -0.1 2336
0.5 0.1 0 0 0.5 0.1 0 2337
0.494791 0.122341 0 0.1 0.5 0.1 0.1 2338
0.488182 0.144296 0 0.2 0.5 0.1 0.2 2339
0.480204 0.165768 0 0.3 0.5 0.1 0.3 2340
0.470896 0.186661 0 0.4 0.5 0.1 0.4 2341
0.460305 0.206884 0 0.5 0.5 0.1 0.5 2342
0.448482 0.226346 0 0.6 0.5 0.1 0.6 2343
0.435487 0.244965 0 0.7 0.5 0.1 0.7 2344
0.421386 0.262661 0 0.8 0.5 0.1 0.8 2345
0.5243 0.010753 0 -0.8 0.5 0.2 -0.8 2346
0.526565 0.0345428 0 -0.7 0.5 0.2 -0.7 2347
0.527318 0.0585104 0 -0.6 0.5 0.2 -0.6 2348
0.526549 0.0825481 0 -0.5 0.5 0.2 -0.5 2349
0.524252 0.106547 0 -0.4 0.5 0.2 -0.4 2350
0.520432 0.1304 0 -0.3 0.5 0.2 -0.3 2351
0.515101 0.153997 0 -0.2 0.5 0.2 -0.2 2352
0.508281 0.177232 0 -0.1 0.5 0.2 -0.1 2353
0.5 0.2 0 0 0.5 0.2 0 2354
0.490295 0.222198 0 0.1 0.5 0.2 0.1 2355
0.479209 0.243727 0 0.2 0.5 0.2 0.2 2356
0.466795 0.264491 0 0.3 0.5 0.2 0.3 2357
0.453111 0.284398 0 0.4 0.5 0.2 0.4 2358
0.438224 0.303361 0 0.5 0.5 0.2 0.5 2359
0.422203 0.321298 0 0.6 0.5 0.2 0.6 2360
0.405128 0.338134 0 0.7 0.5 0.2 0.7 2361
0.387081 0.3538 0 0.8 0.5 0.2 0.8 2362
0.558605 0.101891 0 -0.8 0.5 0.3 -0.8 2363
0.556924 0.127712 0 -0.7 0.5 0.3 -0.7 2364
0.553597 0.153463 0 -0.6 0.5 0.3 -0.6 2365
0.54863 0.179025 0 -0.5 0.5 0.3 -0.5 2366
0.542037 0.204284 0 -0.4 0.5 0.3 -0.4 2367
0.533841 0.229122 0 -0.3 0.5 0.3 -0.3 2368
0.524074 0.253428 0 -0.2 0.5 0.3 -0.2 2369
0.512778 0.27709 0 -0.1 0.5 0.3 -0.1 2370
0.5 0.3 0 0 0.5 0.3 0 2371
0.485798 0.322056 0 0.1 0.5 0.3 0.1 2372
0.470236 0.343158 0 0.2 0.5 0.3 0.2 2373
0.453386 0.363214 0 0.3 0.5 0.3 0.3 2374
0.435326 0.382134 0 0.4 0.5 0.3 0.4 2375
0.416142 0.399838 0 0.5 0.5 0.3 0.5 2376
0.395924 0.41625 0 0.6 0.5 0.3 0.6 2377
0.374769 0.431304 0 0.7 0.5 0.3 0.7 2378
0.352777 0.444938 0 0.8 0.5 0.3 0.8 2379
0.592909 0.193029 0 -0.8 0.5 0.4 -0.8 2380
0.587283 0.220881 0 -0.7 0.5 0.4 -0.7 2381
0.579876 0.248415 0 -0.6 0.5 0.4 -0.6 2382
0.570711 0.275503 0 -0.5 0.5 0.4 -0.5 2383
0.559822 0.30202 0 -0.4 0.5 0.4 -0.4 2384
0.54725 0.327845 0 -0.3 0.5 0.4 -0.3 2385
0.533047 0.352859 0 -0.2 0.5 0.4 -0.2 2386
0.517274 0.376947 0 -0.1 0.5 0.4 -0.1 2387
0.5 0.4 0 0 0.5 0.4 0 2388
0.481301 0.421913 0 0.1 0.5 0.4 0.1 2389
0.461263 0.442589 0 0.2 0.5 0.4 0.2 2390
0.439977 0.461936 0 0.3 0.5 0.4 0.3 2391
0.417541 0.47987 0 0.4 0.5 0.4 0.4 2392
0.394061 0.496315 0 0.5 0.5 0.4 0.5 2393
0.369646 0.511203 0 0.6 0.5 0.4 0.6 2394
0.34441 0.524473 0 0.7 0.5 0.4 0.7 2395
0.318472 0.536076 0 0.8 0.5 0.4 0.8 2396
0.627214 0.284167 0 -0.8 0.5 0.5 -0.8 2397
0.617642 0.314051 0 -0.7 0.5 0.5 -0.7 2398
0.606155 0.343367 0 -0.6 0.5 0.5 -0.6 2399
0.592792 0.37198 0 -0.5 0.5 0.5 -0.5 2400
0.577607 0.399756 0 -0.4 0.5 0.5 -0.4 2401
0.560659 0.426568 0 -0.3 0.5 0.5 -0.3 2402
0.54202 0.45229 0 -0.2 0.5 0.5 -0.2 2403
0.521771 0.476805 0 -0.1 0.5 0.5 -0.1 2404
0.5 0.5 0 0 0.5 0.5 0 2405
0.476805 0.521771 0 0.1 0.5 0.5 0.1 2406
0.45229 0.54202 0 0.2 0.5 0.5 0.2 2407
0.426568 0.560659 0 0.3 0.5 0.5 0.3 2408
0.399756 0.577607 0 0.4 0.5 0.5 0.4 2409
0.37198 0.592792 0 0.5 0.5 0.5 0.5 2410
0.343367 0.606155 0 0.6 0.5 0.5 0.6 2411
0.314051 0.617642 0 0.7 0.5 0.5 0.7 2412
0.284167 0.627214 0 0.8 0.5 0.5 0.8 2413
0.661519 0.375306 0 -0.8 0.5 0.6 -0.8 2414
0.648002 0.40722 0 -0.7 0.5 0.6 -0.7 2415
0.632434 0.438319 0 -0.6 0.5 0.6 -0.6 2416
0.614874 0.468457 0 -0.5 0.5 0.6 -0.5 2417
0.595392 0.497493 0 -0.4 0.5 0.6 -0.4 2418
0.574068 0.52529 0 -0.3 0.5 0.6 -0.3 2419
0.550993 0.551721 0 -0.2 0.5 0.6 -0.2 2420
0.526268 0.576662 0 -0.1 0.5 0.6 -0.1 2421
0.5 0.6 0 0 0.5 0.6 0 2422
0.472308 0.621629 0 0.1 0.5 0.6 0.1 2423
0.443317 0.641451 0 0.2 0.5 0.6 0.2 2424
0.413159 0.659382 0 0.3 0.5 0.6 0.3 2425
0.381971 0.675343 0 0.4 0.5 0.6 0.4 2426
0.349899 0.68927 0 0.5 0.5 0.6 0.5 2427
0.317088 0.701107 0 0.6 0.5 0.6 0.6 2428
0.283692 0.710812 0 0.7 0.5 0.6 0.7 2429
0.249863 0.718352 0 0.8 0.5 0.6 0.8 2430
0.341001 -0.752657 0 -0.8 0.6 -0.6 -0.8 2431
0.376861 -0.741171 0 -0.7 0.6 -0.6 -0.7 2432
0.41204 -0.727386 0 -0.6 0.6 -0.6 -0.6 2433
0.446376 -0.711351 0 -0.5 0.6 -0.6 -0.5 2434
0.479708 -0.693128 0 -0.4 0.6 -0.6 -0.4 2435
0.511881 -0.672791 0 -0.3 0.6 -0.6 -0.3 2436
0.542748 -0.650424 0 -0.2 0.6 -0.6 -0.2 2437
0.572166 -0.626125 0 -0.1 0.6 -0.6 -0.1 2438
0.6 -0.6 0 0 0.6 -0.6 0 2439
0.626125 -0.572166 0 0.1 0.6 -0.6 0.1 2440
0.650424 -0.542748 0 0.2 0.6 -0.6 0.2 2441
0.672791 -0.511881 0 0.3 0.6 -0.6 0.3 2442
0.693128 -0.479708 0 0.4 0.6 -0.6 0.4 2443
0.711351 -0.446376 0 0.5 0.6 -0.6 0.5 2444
0.727386 -0.41204 0 0.6 0.6 -0.6 0.6 2445
0.741171 -0.376861 0 0.7 0.6 -0.6 0.7 2446
0.752657 -0.341001 0 0.8 0.6 -0.6 0.8 2447
0.375306 -0.661519 0 -0.8 0.6 -0.5 -0.8 2448
0.40722 -0.648002 0 -0.7 0.6 -0.5 -0.7 2449
0.438319 -0.632434 0 -0.6 0.6 -0.5 -0.6 2450
0.468457 -0.614874 0 -0.5 0.6 -0.5 -0.5 2451
0.497493 -0.595392 0 -0.4 0.6 -0.5 -0.4 2452
0.52529 -0.574068 0 -0.3 0.6 -0.5 -0.3 2453
0.551721 -0.550993 0 -0.2 0.6 -0.5 -0.2 2454
0.576662 -0.526268 0 -0.1 0.6 -0.5 -0.1 2455
0.6 -0.5 0 0 0.6 -0.5 0 2456
0.621629 -0.472308 0 0.1 0.6 -0.5 0.1 2457
0.641451 -0.443317 0 0.2 0.6 -0.5 0.2 2458
0.659382 -0.413159 0 0.3 0.6 -0.5 0.3 2459
0.675343 -0.381971 0 0.4 0.6 -0.5 0.4 2460
0.68927 -0.349899 0 0.5 0.6 -0.5 0.5 2461
0.701107 -0.317088 0 0.6 0.6 -0.5 0.6 2462
0.710812 -0.283692 0 0.7 0.6 -0.5 0.7 2463
0.718352 -0.249863 0 0.8 0.6 -0.5 0.8 2464
0.40961 -0.570381 0 -0.8 0.6 -0.4 -0.8 2465
0.437579 -0.554832 0 -0.7 0.6 -0.4 -0.7 2466
0.464598 -0.537481 0 -0.6 0.6 -0.4 -0.6 2467
0.490538 -0.518396 0 -0.5 0.6 -0.4 -0.5 2468
0.515278 -0.497655 0 -0.4 0.6 -0.4 -0.4 2469
0.5387 -0.475345 0 -0.3 0.6 -0.4 -0.3 2470
0.560694 -0.451562 0 -0.2 0.6 -0.4 -0.2 2471
0.581159 -0.42641 0 -0.1 0.6 -0.4 -0.1 2472
0.6 -0.4 0 0 0.6 -0.4 0 2473
0.617132 -0.37245 0 0.1 0.6 -0.4 0.1 2474
0.632478 -0.343886 0 0.2 0.6 -0.4 0.2 2475
0.645972 -0.314436 0 0.3 0.6 -0.4 0.3 2476
0.657558 -0.284235 0 0.4 0.6 -0.4 0.4 2477
0.667188 -0.253421 0 0.5 0.6 -0.4 0.5 2478
0.674828 -0.222136 0 0.6 0.6 -0.4 0.6 2479
0.680452 -0.190522 0 0.7 0.6 -0.4 0.7 2480
0.684048 -0.158725 0 0.8 0.6 -0.4 0.8 2481
0.443915 -0.479242 0 -0.8 0.6 -0.3 -0.8 2482
0.467938 -0.461663 0 -0.7 0.6 -0.3 -0.7 2483
0.490877 -0.442529 0 -0.6 0.6 -0.3 -0.6 2484
0.51262 -0.421919 0 -0.5 0.6 -0.3 -0.5 2485
0.533063 -0.399919 0 -0.4 0.6 -0.3 -0.4 2486
0.552109 -0.376623 0 -0.3 0.6 -0.3 -0.3 2487
0.569667 -0.352131 0 -0.2 0.6 -0.3 -0.2 2488
0.585656 -0.326552 0 -0.1 0.6 -0.3 -0.1 2489
0.6 -0.3 0 0 0.6 -0.3 0 2490
0.612635 -0.272593 0 0.1 0.6 -0.3 0.1 2491
0.623505 -0.244455 0 0.2 0.6 -0.3 0.2 2492
0.632563 -0.215713 0 0.3 0.6 -0.3 0.3 2493
0.639773 -0.186499 0 0.4 0.6 -0.3 0.4 2494
0.645107 -0.156944 0 0.5 0.6 -0.3 0.5 2495
0.648549 -0.127184 0 0.6 0.6 -0.3 0.6 2496
0.650093 -0.0973529 0 0.7 0.6 -0.3 0.7 2497
0.649743 -0.0675865 0 0.8 0.6 -0.3 0.8 2498
0.47822 -0.388104 0 -0.8 0.6 -0.2 -0.8 2499
0.498297 -0.368494 0 -0.7 0.6 -0.2 -0.7 2500
0.517155 -0.347577 0 -0.6 0.6 -0.2 -0.6 2501
0.534701 -0.325442 0 -0.5 0.6 -0.2 -0.5 2502
0.550848 -0.302183 0 -0.4 0.6 -0.2 -0.4 2503
0.565518 -0.2779 0 -0.3 0.6 -0.2 -0.3 2504
0.57864 -0.2527 0 -0.2 0.6 -0.2 -0.2 2505
0.590152 -0.226695 0 -0.1 0.6 -0.2 -0.1 2506
0.6 -0.2 0 0 0.6 -0.2 0 2507
0.608139 -0.172735 0 0.1 0.6 -0.2 0.1 2508
0.614532 -0.145024 0 0.2 0.6 -0.2 0.2 2509
0.619154 -0.116991 0 0.3 0.6 -0.2 0.3 2510
0.621988 -0.0887624 0 0.4 0.6 -0.2 0.4 2511
0.623026 -0.0604669 0 0.5 0.6 -0.2 0.5 2512
0.622271 -0.0322316 0 0.6 0.6 -0.2 0.6 2513
0.619734 -0.00418361 0 0.7 0.6 -0.2 0.7 2514
0.615438 0.0235517 0 0.8 0.6 -0.2 0.8 2515
0.512524 -0.296966 0 -0.8 0.6 -0.1 -0.8 2516
0.528657 -0.275324 0 -0.7 0.6 -0.1 -0.7 2517
0.543434 -0.252625 0 -0.6 0.6 -0.1 -0.6 2518
0.556782 -0.228965 0 -0.5 0.6 -0.1 -0.5 2519
0.568633 -0.204446 0 -0.4 0.6 -0.1 -0.4 2520
0.578927 -0.179177 0 -0.3 0.6 -0.1 -0.3 2521
0.587613 -0.153269 0 -0.2 0.6 -0.1 -0.2 2522
0.594649 -0.126837 0 -0.1 0.6 -0.1 -0.1 2523
0.6 -0.1 0 0 0.6 -0.1 0 2524
0.603642 -0.0728778 0 0.1 0.6 -0.1 0.1 2525
0.605559 -0.0455928 0 0.2 0.6 -0.1 0.2 2526
0.605745 -0.0182679 0 0.3 0.6 -0.1 0.3 2527
0.604203 0.00897387 0 0.4 0.6 -0.1 0.4 2528
0.600945 0.0360103 0 0.5 0.6 -0.1 0.5 2529
0.595992 0.0627205 0 0.6 0.6 -0.1 0.6 2530
0.589375 0.0889857 0 0.7 0.6 -0.1 0.7 2531
0.581134 0.11469 0 0.8 0.6 -0.1 0.8 2532
0.546829 -0.205828 0 -0.8 0.6 0 -0.8 2533
0.559016 -0.182155 0 -0.7 0.6 0 -0.7 2534
0.569713 -0.157673 0 -0.6 0.6 0 -0.6 2535
0.578863 -0.132488 0 -0.5 0.6 0 -0.5 2536
0.586418 -0.10671 0 -0.4 0.6 0 -0.4 2537
0.592336 -0.0804547 0 -0.3 0.6 0 -0.3 2538
0.596586 -0.0538382 0 -0.2 0.6 0 -0.2 2539
0.599145 -0.0269798 0 -0.1 0.6 0 -0.1 2540
0.6 0 0 0 0.6 0 0 2541
0.599145 0.0269798 0 0.1 0.6 0 0.1 2542
0.596586 0.0538382 0 0.2 0.6 0 0.2 2543
0.592336 0.0804547 0 0.3 0.6 0 0.3 2544
0.586418 0.10671 0 0.4 0.6 0 0.4 2545
0.578863 0.132488 0 0.5 0.6 0 0.5 2546
0.569713 0.157673 0 0.6 0.6 0 0.6 2547
0.559016 0.182155 0 0.7 0.6 0 0.7 2548
0.546829 0.205828 0 0.8 0.6 0 0.8 2549
0.581134 -0.11469 0 -0.8 0.6 0.1 -0.8 2550
0.589375 -0.0889857 0 -0.7 0.6 0.1 -0.7 2551
0.595992 -0.0627205 0 -0.6 0.6 0.1 -0.6 2552
0.600945 -0.0360103 0 -0.5 0.6 0.1 -0.5 2553
0.604203 -0.00897387 0 -0.4 0.6 0.1 -0.4 2554
0.605745 0.0182679 0 -0.3 0.6 0.1 -0.3 2555
0.605559 0.0455928 0 -0.2 0.6 0.1 -0.2 2556
0.603642 0.0728778 0 -0.1 0.6 0.1 -0.1 2557
0.6 0.1 0 0 0.6 0.1 0 2558
0.594649 0.126837 0 0.1 0.6 0.1 0.1 2559
0.587613 0.153269 0 0.2 0.6 0.1 0.2 2560
0.578927 0.179177 0 0.3 0.6 0.1 0.3 2561
0.568633 0.204446 0 0.4 0.6 0.1 0.4 2562
0.556782 0.228965 0 0.5 0.6 0.1 0.5 2563
0.543434 0.252625 0 0.6 0.6 0.1 0.6 2564
0.528657 0.275324 0 0.7 0.6 0.1 0.7 2565
0.512524 0.296966 0 0.8 0.6 0.1 0.8 2566
0.615438 -0.0235517 0 -0.8 0.6 0.2 -0.8 2567
0.619734 0.00418361 0 -0.7 0.6 0.2 -0.7 2568
0.622271 0.0322316 0 -0.6 0.6 0.2 -0.6 2569
0.623026 0.0604669 0 -0.5 0.6 0.2 -0.5 2570
0.621988 0.0887624 0 -0.4 0.6 0.2 -0.4 2571
0.619154 0.116991 0 -0.3 0.6 0.2 -0.3 2572
0.614532 0.145024 0 -0.2 0.6 0.2 -0.2 2573
0.608139 0.172735 0 -0.1 0.6 0.2 -0.1 2574
0.6 0.2 0 0 0.6 0.2 0 2575
0.590152 0.226695 0 0.1 0.6 0.2 0.1 2576
0.57864 0.2527 0 0.2 0.6 0.2 0.2 2577
0.565518 0.2779 0 0.3 0.6 0.2 0.3 2578
0.550848 0.302183 0 0.4 0.6 0.2 0.4 2579
0.534701 0.325442 0 0.5 0.6 0.2 0.5 2580
0.517155 0.347577 0 0.6 0.6 0.2 0.6 2581
0.498297 0.368494 0 0.7 0.6 0.2 0.7 2582
0.47822 0.388104 0 0.8 0.6 0.2 0.8 2583
0.649743 0.0675865 0 -0.8 0.6 0.3 -0.8 2584
0.650093 0.0973529 0 -0.7 0.6 0.3 -0.7 2585
0.648549 0.127184 0 -0.6 0.6 0.3 -0.6 2586
0.645107 0.156944 0 -0.5 0.6 0.3 -0.5 2587
0.639773 0.186499 0 -0.4 0.6 0.3 -0.4 2588
0.632563 0.215713 0 -0.3 0.6 0.3 -0.3 2589
0.623505 0.244455 0 -0.2 0.6 0.3 -0.2 2590
0.612635 0.272593 0 -0.1 0.6 0.3 -0.1 2591
0.6 0.3 0 0 0.6 0.3 0 2592
0.585656 0.326552 0 0.1 0.6 0.3 0.1 2593
0.569667 0.352131 0 0.2 0.6 0.3 0.2 2594
0.552109 0.376623 0 0.3 0.6 0.3 0.3 2595
0.533063 0.399919 0 0.4 0.6 0.3 0.4 2596
0.51262 0.421919 0 0.5 0.6 0.3 0.5 2597
0.490877 0.442529 0 0.6 0.6 0.3 0.6 2598
0.467938 0.461663 0 0.7 0.6 0.3 0.7 2599
0.443915 0.479242 0 0.8 0.6 0.3 0.8 2600
0.684048 0.158725 0 -0.8 0.6 0.4 -0.8 2601
0.680452 0.190522 0 -0.7 0.6 0.4 -0.7 2602
0.674828 0.222136 0 -0.6 0.6 0.4 -0.6 2603
0.667188 0.253421 0 -0.5 0.6 0.4 -0.5 2604
0.657558 0.284235 0 -0.4 0.6 0.4 -0.4 2605
0.645972 0.314436 0 -0.3 0.6 0.4 -0.3 2606
0.632478 0.343886 0 -0.2 0.6 0.4 -0.2 2607
0.617132 0.37245 0 -0.1 0.6 0.4 -0.1 2608
0.6 0.4 0 0 0.6 0.4 0 2609
0.581159 0.42641 0 0.1 0.6 0.4 0.1 2610
0.560694 0.451562 0 0.2 0.6 0.4 0.2 2611
0.5387 0.475345 0 0.3 0.6 0.4 0.3 2612
0.515278 0.497655 0 0.4 0.6 0.4 0.4 2613
0.490538 0.518396 0 0.5 0.6 0.4 0.5 2614
0.464598 0.537481 0 0.6 0.6 0.4 0.6 2615
0.437579 0.554832 0 0.7 0.6 0.4 0.7 2616
0.40961 0.570381 0 0.8 0.6 0.4 0.8 2617
0.718352 0.249863 0 -0.8 0.6 0.5 -0.8 2618
0.710812 0.283692 0 -0.7 0.6 0.5 -0.7 2619
0.701107 0.317088 0 -0.6 0.6 0.5 -0.6 2620
0.68927 0.349899 0 -0.5 0.6 0.5 -0.5 2621
0.675343 0.381971 0 -0.4 0.6 0.5 -0.4 2622
0.659382 0.413159 0 -0.3 0.6 0.5 -0.3 2623
0.641451 0.443317 0 -0.2 0.6 0.5 -0.2 2624
0.621629 0.472308 0 -0.1 0.6 0.5 -0.1 2625
0.6 0.5 0 0 0.6 0.5 0 2626
0.576662 0.526268 0 0.1 0.6 0.5 0.1 2627
0.551721 0.550993 0 0.2 0.6 0.5 0.2 2628
0.52529 0.574068 0 0.3 0.6 0.5 0.3 2629
0.497493 0.595392 0 0.4 0.6 0.5 0.4 2630
0.468457 0.614874 0 0.5 0.6 0.5 0.5 2631
0.438319 0.632434 0 0.6 0.6 0.5 0.6 2632
0.40722 0.648002 0 0.7 0.6 0.5 0.7 2633
0.375306 0.661519 0 0.8 0.6 0.5 0.8 2634
0.752657 0.341001 0 -0.8 0.6 0.6 -0.8 2635
0.741171 0.376861 0 -0.7 0.6 0.6 -0.7 2636
0.727386 0.41204 0 -0.6 0.6 0.6 -0.6 2637
0.711351 0.446376 0 -0.5 0.6 0.6 -0.5 2638
0.693128 0.479708 0 -0.4 0.6 0.6 -0.4 2639
0.672791 0.511881 0 -0.3 0.6 0.6 -0.3 2640
0.650424 0.542748 0 -0.2 0.6 0.6 -0.2 2641
0.626125 0.572166 0 -0.1 0.6 0.6 -0.1 2642
0.6 0.6 0 0 0.6 0.6 0 2643
0.572166 0.626125 0 0.1 0.6 0.6 0.1 2644
0.542748 0.650424 0 0.2 0.6 0.6 0.2 2645
0.511881 0.672791 0 0.3 0.6 0.6 0.3 2646
0.479708 0.693128 0 0.4 0.6 0.6 0.4 2647
0.446376 0.711351 0 0.5 0.6 0.6 0.5 2648
0.41204 0.727386 0 0.6 0.6 0.6 0.6 2649
0.376861 0.741171 0 0.7 0.6 0.6 0.7 2650
0.341001 0.752657 0 0.8 0.6 0.6 0.8 2651
0.432139 -0.786962 0 -0.8 0.7 -0.6 -0.8 2652
0.47003 -0.77153 0 -0.7 0.7 -0.6 -0.7 2653
0.506992 -0.753664 0 -0.6 0.7 -0.6 -0.6 2654
0.542853 -0.733432 0 -0.5 0.7 -0.6 -0.5 2655
0.577444 -0.710913 0 -0.4 0.7 -0.6 -0.4 2656
0.610604 -0.6862 0 -0.3 0.7 -0.6 -0.3 2657
0.642179 -0.659397 0 -0.2 0.7 -0.6 -0.2 2658
0.672023 -0.630622 0 -0.1 0.7 -0.6 -0.1 2659
0.7 -0.6 0 0 0.7 -0.6 0 2660
0.725983 -0.567669 0 0.1 0.7 -0.6 0.1 2661
0.749855 -0.533775 0 0.2 0.7 -0.6 0.2 2662
0.771513 -0.498472 0 0.3 0.7 -0.6 0.3 2663
0.790864 -0.461923 0 0.4 0.7 -0.6 0.4 2664
0.807828 -0.424294 0 0.5 0.7 -0.6 0.5 2665
0.822338 -0.385762 0 0.6 0.7 -0.6 0.6 2666
0.83434 -0.346502 0 0.7 0.7 -0.6 0.7 2667
0.843795 -0.306696 0 0.8 0.7 -0.6 0.8 2668
0.466444 -0.695823 0 -0.8 0.7 -0.5 -0.8 2669
0.500389 -0.678361 0 -0.7 0.7 -0.5 -0.7 2670
0.533271 -0.658712 0 -0.6 0.7 -0.5 -0.6 2671
0.564934 -0.636955 0 -0.5 0.7 -0.5 -0.5 2672
0.595229 -0.613177 0 -0.4 0.7 -0.5 -0.4 2673
0.624013 -0.587477 0 -0.3 0.7 -0.5 -0.3 2674
0.651152 -0.559966 0 -0.2 0.7 -0.5 -0.2 2675
0.67652 -0.530764 0 -0.1 0.7 -0.5 -0.1 2676
0.7 -0.5 0 0 0.7 -0.5 0 2677
0.721486 -0.467811 0 0.1 0.7 -0.5 0.1 2678
0.740882 -0.434344 0 0.2 0.7 -0.5 0.2 2679
0.758104 -0.399749 0 0.3 0.7 -0.5 0.3 2680
0.773079 -0.364186 0 0.4 0.7 -0.5 0.4 2681
0.785747 -0.327817 0 0.5 0.7 -0.5 0.5 2682
0.796059 -0.290809 0 0.6 0.7 -0.5 0.6 2683
0.803981 -0.253332 0 0.7 0.7 -0.5 0.7 2684
0.80949 -0.215558 0 0.8 0.7 -0.5 0.8 2685
0.500748 -0.604685 0 -0.8 0.7 -0.4 -0.8 2686
0.530748 -0.585191 0 -0.7 0.7 -0.4 -0.7 2687
0.55955 -0.56376 0 -0.6 0.7 -0.4 -0.6 2688
0.587015 -0.540478 0 -0.5 0.7 -0.4 -0.5 2689
0.613014 -0.51544 0 -0.4 0.7 -0.4 -0.4 2690
0.637422 -0.488754 0 -0.3 0.7 -0.4 -0.3 2691
0.660125 -0.460535 0 -0.2 0.7 -0.4 -0.2 2692
0.681016 -0.430907 0 -0.1 0.7 -0.4 -0.1 2693
0.7 -0.4 0 0 0.7 -0.4 0 2694
0.716989 -0.367954 0 0.1 0.7 -0.4 0.1 2695
0.731909 -0.334913 0 0.2 0.7 -0.4 0.2 2696
0.744695 -0.301027 0 0.3 0.7 -0.4 0.3 2697
0.755294 -0.26645 0 0.4 0.7 -0.4 0.4 2698
0.763666 -0.23134 0 0.5 0.7 -0.4 0.5 2699
0.76978 -0.195857 0 0.6 0.7 -0.4 0.6 2700
0.773622 -0.160163 0 0.7 0.7 -0.4 0.7 2701
0.775186 -0.12442 0 0.8 0.7 -0.4 0.8 2702
0.535053 -0.513547 0 -0.8 0.7 -0.3 -0.8 2703
0.561108 -0.492022 0 -0.7 0.7 -0.3 -0.7 2704
0.585829 -0.468808 0 -0.6 0.7 -0.3 -0.6 2705
0.609097 -0.444 0 -0.5 0.7 -0.3 -0.5 2706
0.630799 -0.417704 0 -0.4 0.7 -0.3 -0.4 2707
0.650831 -0.390032 0 -0.3 0.7 -0.3 -0.3 2708
0.669098 -0.361104 0 -0.2 0.7 -0.3 -0.2 2709
0.685513 -0.331049 0 -0.1 0.7 -0.3 -0.1 2710
0.7 -0.3 0 0 0.7 -0.3 0 2711
0.712493 -0.268096 0 0.1 0.7 -0.3 0.1 2712
0.722936 -0.235482 0 0.2 0.7 -0.3 0.2 2713
0.731286 -0.202304 0 0.3 0.7 -0.3 0.3 2714
0.737509 -0.168714 0 0.4 0.7 -0.3 0.4 2715
0.741584 -0.134863 0 0.5 0.7 -0.3 0.5 2716
0.743502 -0.100905 0 0.6 0.7 -0.3 0.6 2717
0.743263 -0.0669938 0 0.7 0.7 -0.3 0.7 2718
0.740881 -0.0332818 0 0.8 0.7 -0.3 0.8 2719
0.569358 -0.422409 0 -0.8 0.7 -0.2 -0.8 2720
0.591467 -0.398853 0 -0.7 0.7 -0.2 -0.7 2721
0.612108 -0.373856 0 -0.6 0.7 -0.2 -0.6 2722
0.631178 -0.347523 0 -0.5 0.7 -0.2 -0.5 2723
0.648584 -0.319968 0 -0.4 0.7 -0.2 -0.4 2724
0.66424 -0.291309 0 -0.3 0.7 -0.2 -0.3 2725
0.678071 -0.261673 0 -0.2 0.7 -0.2 -0.2 2726
0.69001 -0.231192 0 -0.1 0.7 -0.2 -0.1 2727
0.7 -0.2 0 0 0.7 -0.2 0 2728
0.707996 -0.168239 0 0.1 0.7 -0.2 0.1 2729
0.713963 -0.136051 0 0.2 0.7 -0.2 0.2 2730
0.717877 -0.103581 0 0.3 0.7 -0.2 0.3 2731
0.719724 -0.0709774 0 0.4 0.7 -0.2 0.4 2732
0.719503 -0.0383856 0 0.5 0.7 -0.2 0.5 2733
0.717223 -0.00595284 0 0.6 0.7 -0.2 0.6 2734
0.712903 0.0261756 0 0.7 0.7 -0.2 0.7 2735
0.706576 0.0578563 0 0.8 0.7 -0.2 0.8 2736
0.603662 -0.331271 0 -0.8 0.7 -0.1 -0.8 2737
0.621826 -0.305683 0 -0.7 0.7 -0.1 -0.7 2738
0.638386 -0.278904 0 -0.6 0.7 -0.1 -0.6 2739
0.653259 -0.251046 0 -0.5 0.7 -0.1 -0.5 2740
0.666369 -0.222231 0 -0.4 0.7 -0.1 -0.4 2741
0.67765 -0.192587 0 -0.3 0.7 -0.1 -0.3 2742
0.687044 -0.162242 0 -0.2 0.7 -0.1 -0.2 2743
0.694506 -0.131334 0 -0.1 0.7 -0.1 -0.1 2744
0.7 -0.1 0 0 0.7 -0.1 0 2745
0.7035 -0.0683812 0 0.1 0.7 -0.1 0.1 2746
0.70499 -0.0366198 0 0.2 0.7 -0.1 0.2 2747
0.704468 -0.00485883 0 0.3 0.7 -0.1 0.3 2748
0.701939 0.0267589 0 0.4 0.7 -0.1 0.4 2749
0.697422 0.0580916 0 0.5 0.7 -0.1 0.5 2750
0.690944 0.0889993 0 0.6 0.7 -0.1 0.6 2751
0.682544 0.119345 0 0.7 0.7 -0.1 0.7 2752
0.672272 0.148994 0 0.8 0.7 -0.1 0.8 2753
0.637967 -0.240133 0 -0.8 0.7 0 -0.8 2754
0.652185 -0.212514 0 -0.7 0.7 0 -0.7 2755
0.664665 -0.183951 0 -0.6 0.7 0 -0.6 2756
0.675341 -0.154569 0 -0.5 0.7 0 -0.5 2757
0.684154 -0.124495 0 -0.4 0.7 0 -0.4 2758
0.691059 -0.0938638 0 -0.3 0.7 0 -0.3 2759
0.696017 -0.0628112 0 -0.2 0.7 0 -0.2 2760
0.699003 -0.0314764 0 -0.1 0.7 0 -0.1 2761
0.7 0 0 0 0.7 0 0 2762
0.699003 0.0314764 0 0.1 0.7 0 0.1 2763
0.696017 0.0628112 0 0.2 0.7 0 0.2 2764
0.691059 0.0938638 0 0.3 0.7 0 0.3 2765
0.684154 0.124495 0 0.4 0.7 0 0.4 2766
0.675341 0.154569 0 0.5 0.7 0 0.5 2767
0.664665 0.183951 0 0.6 0.7 0 0.6 2768
0.652185 0.212514 0 0.7 0.7 0 0.7 2769
0.637967 0.240133 0 0.8 0.7 0 0.8 2770
0.672272 -0.148994 0 -0.8 0.7 0.1 -0.8 2771
0.682544 -0.119345 0 -0.7 0.7 0.1 -0.7 2772
0.690944 -0.0889993 0 -0.6 0.7 0.1 -0.6 2773
0.697422 -0.0580916 0 -0.5 0.7 0.1 -0.5 2774
0.701939 -0.0267589 0 -0.4 0.7 0.1 -0.4 2775
0.704468 0.00485883 0 -0.3 0.7 0.1 -0.3 2776
0.70499 0.0366198 0 -0.2 0.7 0.1 -0.2 2777
0.7035 0.0683812 0 -0.1 0.7 0.1 -0.1 2778
0.7 0.1 0 0 0.7 0.1 0 2779
0.694506 0.131334 0 0.1 0.7 0.1 0.1 2780
0.687044 0.162242 0 0.2 0.7 0.1 0.2 2781
0.67765 0.192587 0 0.3 0.7 0.1 0.3 2782
0.666369 0.222231 0 0.4 0.7 0.1 0.4 2783
0.653259 0.251046 0 0.5 0.7 0.1 0.5 2784
0.638386 0.278904 0 0.6 0.7 0.1 0.6 2785
0.621826 0.305683 0 0.7 0.7 0.1 0.7 2786
0.603662 0.331271 0 0.8 0.7 0.1 0.8 2787
0.706576 -0.0578563 0 -0.8 0.7 0.2 -0.8 2788
0.712903 -0.0261756 0 -0.7 0.7 0.2 -0.7 2789
0.717223 0.00595284 0 -0.6 0.7 0.2 -0.6 2790
0.719503 0.0383856 0 -0.5 0.7 0.2 -0.5 2791
0.719724 0.0709774 0 -0.4 0.7 0.2 -0.4 2792
0.717877 0.103581 0 -0.3 0.7 0.2 -0.3 2793
0.713963 0.136051 0 -0.2 0.7 0.2 -0.2 2794
0.707996 0.168239 0 -0.1 0.7 0.2 -0.1 2795
0.7 0.2 0 0 0.7 0.2 0 2796
0.69001 0.231192 0 0.1 0.7 0.2 0.1 2797
0.678071 0.261673 0 0.2 0.7 0.2 0.2 2798
0.66424 0.291309 0 0.3 0.7 0.2 0.3 2799
0.648584 0.319968 0 0.4 0.7 0.2 0.4 2800
0.631178 0.347523 0 0.5 0.7 0.2 0.5 2801
0.612108 0.373856 0 0.6 0.7 0.2 0.6 2802
0.591467 0.398853 0 0.7 0.7 0.2 0.7 2803
0.569358 0.422409 0 0.8 0.7 0.2 0.8 2804
0.740881 0.0332818 0 -0.8 0.7 0.3 -0.8 2805
0.743263 0.0669938 0 -0.7 0.7 0.3 -0.7 2806
0.743502 0.100905 0 -0.6 0.7 0.3 -0.6 2807
0.741584 0.134863 0 -0.5 0.7 0.3 -0.5 2808
0.737509 0.168714 0 -0.4 0.7 0.3 -0.4 2809
0.731286 0.202304 0 -0.3 0.7 0.3 -0.3 2810
0.722936 0.235482 0 -0.2 0.7 0.3 -0.2 2811
0.712493 0.268096 0 -0.1 0.7 0.3 -0.1 2812
0.7 0.3 0 0 0.7 0.3 0 2813
0.685513 0.331049 0 0.1 0.7 0.3 0.1 2814
0.669098 0.361104 0 0.2 0.7 0.3 0.2 2815
0.650831 0.390032 0 0.3 0.7 0.3 0.3 2816
0.630799 0.417704 0 0.4 0.7 0.3 0.4 2817
0.609097 0.444 0 0.5 0.7 0.3 0.5 2818
0.585829 0.468808 0 0.6 0.7 0.3 0.6 2819
0.561108 0.492022 0 0.7 0.7 0.3 0.7 2820
0.535053 0.513547 0 0.8 0.7 0.3 0.8 2821
0.775186 0.12442 0 -0.8 0.7 0.4 -0.8 2822
0.773622 0.160163 0 -0.7 0.7 0.4 -0.7 2823
0.76978 0.195857 0 -0.6 0.7 0.4 -0.6 2824
0.763666 0.23134 0 -0.5 0.7 0.4 -0.5 2825
0.755294 0.26645 0 -0.4 0.7 0.4 -0.4 2826
0.744695 0.301027 0 -0.3 0.7 0.4 -0.3 2827
0.731909 0.334913 0 -0.2 0.7 0.4 -0.2 2828
0.716989 0.367954 0 -0.1 0.7 0.4 -0.1 2829
0.7 0.4 0 0 0.7 0.4 0 2830
0.681016 0.430907 0 0.1 0.7 0.4 0.1 2831
0.660125 0.460535 0 0.2 0.7 0.4 0.2 2832
0.637422 0.488754 0 0.3 0.7 0.4 0.3 2833
0.613014 0.51544 0 0.4 0.7 0.4 0.4 2834
0.587015 0.540478 0 0.5 0.7 0.4 0.5 2835
0.55955 0.56376 0 0.6 0.7 0.4 0.6 2836
0.530748 0.585191 0 0.7 0.7 0.4 0.7 2837
0.500748 0.604685 0 0.8 0.7 0.4 0.8 2838
0.80949 0.215558 0 -0.8 0.7 0.5 -0.8 2839
0.803981 0.253332 0 -0.7 0.7 0.5 -0.7 2840
0.796059 0.290809 0 -0.6 0.7 0.5 -0.6 2841
0.785747 0.327817 0 -0.5 0.7 0.5 -0.5 2842
0.773079 0.364186 0 -0.4 0.7 0.5 -0.4 2843
0.758104 0.399749 0 -0.3 0.7 0.5 -0.3 2844
0.740882 0.434344 0 -0.2 0.7 0.5 -0.2 2845
0.721486 0.467811 0 -0.1 0.7 0.5 -0.1 2846
0.7 0.5 0 0 0.7 0.5 0 2847
0.67652 0.530764 0 0.1 0.7 0.5 0.1 2848
0.651152 0.559966 0 0.2 0.7 0.5 0.2 2849
0.624013 0.587477 0 0.3 0.7 0.5 0.3 2850
0.595229 0.613177 0 0.4 0.7 0.5 0.4 2851
0.564934 0.636955 0 0.5 0.7 0.5 0.5 2852
0.533271 0.658712 0 0.6 0.7 0.5 0.6 2853
0.500389 0.678361 0 0.7 0.7 0.5 0.7 2854
0.466444 0.695823 0 0.8 0.7 0.5 0.8 2855
0.843795 0.306696 0 -0.8 0.7 0.6 -0.8 2856
0.83434 0.346502 0 -0.7 0.7 0.6 -0.7 2857
0.822338 0.385762 0 -0.6 0.7 0.6 -0.6 2858
0.807828 0.424294 0 -0.5 0.7 0.6 -0.5 2859
0.790864 0.461923 0 -0.4 0.7 0.6 -0.4 2860
0.771513 0.498472 0 -0.3 0.7 0.6 -0.3 2861
0.749855 0.533775 0 -0.2 0.7 0.6 -0.2 2862
0.725983 0.567669 0 -0.1 0.7 0.6 -0.1 2863
0.7 0.6 0 0 0.7 0.6 0 2864
0.672023 0.630622 0 0.1 0.7 0.6 0.1 2865
0.642179 0.659397 0 0.2 0.7 0.6 0.2 2866
0.610604 0.6862 0 0.3 0.7 0.6 0.3 2867
0.577444 0.710913 0 0.4 0.7 0.6 0.4 2868
0.542853 0.733432 0 0.5 0.7 0.6 0.5 2869
0.506992 0.753664 0 0.6 0.7 0.6 0.6 2870
0.47003 0.77153 0 0.7 0.7 0.6 0.7 2871
0.432139 0.786962 0 0.8 0.7 0.6 0.8 2872
0.523277 -0.821266 0 -0.8 0.8 -0.6 -0.8 2873
0.563199 -0.801889 0 -0.7 0.8 -0.6 -0.7 2874
0.601945 -0.779943 0 -0.6 0.8 -0.6 -0.6 2875
0.63933 -0.755513 0 -0.5 0.8 -0.6 -0.5 2876
0.67518 -0.728698 0 -0.4 0.8 -0.6 -0.4 2877
0.709327 -0.699609 0 -0.3 0.8 -0.6 -0.3 2878
0.74161 -0.66837 0 -0.2 0.8 -0.6 -0.2 2879
0.771881 -0.635118 0 -0.1 0.8 -0.6 -0.1 2880
0.8 -0.6 0 0 0.8 -0.6 0 2881
0.82584 -0.563172 0 0.1 0.8 -0.6 0.1 2882
0.849286 -0.524802 0 0.2 0.8 -0.6 0.2 2883
0.870236 -0.485063 0 0.3 0.8 -0.6 0.3 2884
0.888601 -0.444138 0 0.4 0.8 -0.6 0.4 2885
0.904305 -0.402213 0 0.5 0.8 -0.6 0.5 2886
0.91729 -0.359483 0 0.6 0.8 -0.6 0.6 2887
0.927509 -0.316142 0 0.7 0.8 -0.6 0.7 2888
0.934933 -0.272392 0 0.8 0.8 -0.6 0.8 2889
0.557582 -0.730128 0 -0.8 0.8 -0.5 -0.8 2890
0.593559 -0.70872 0 -0.7 0.8 -0.5 -0.7 2891
0.628223 -0.684991 0 -0.6 0.8 -0.5 -0.6 2892
0.661411 -0.659036 0 -0.5 0.8 -0.5 -0.5 2893
0.692965 -0.630962 0 -0.4 0.8 -0.5 -0.4 2894
0.722736 -0.600886 0 -0.3 0.8 -0.5 -0.3 2895
0.750583 -0.568939 0 -0.2 0.8 -0.5 -0.2 2896
0.776377 -0.535261 0 -0.1 0.8 -0.5 -0.1 2897
0.8 -0.5 0 0 0.8 -0.5 0 2898
0.821344 -0.463315 0 0.1 0.8 -0.5 0.1 2899
0.840313 -0.425371 0 0.2 0.8 -0.5 0.2 2900
0.856827 -0.38634 0 0.3 0.8 -0.5 0.3 2901
0.870816 -0.346401 0 0.4 0.8 -0.5 0.4 2902
0.882224 -0.305736 0 0.5 0.8 -0.5 0.5 2903
0.891011 -0.264531 0 0.6 0.8 -0.5 0.6 2904
0.89715 -0.222973 0 0.7 0.8 -0.5 0.7 2905
0.900628 -0.181253 0 0.8 0.8 -0.5 0.8 2906
0.591887 -0.63899 0 -0.8 0.8 -0.4 -0.8 2907
0.623918 -0.615551 0 -0.7 0.8 -0.4 -0.7 2908
0.654502 -0.590039 0 -0.6 0.8 -0.4 -0.6 2909
0.683493 -0.562559 0 -0.5 0.8 -0.4 -0.5 2910
0.71075 -0.533225 0 -0.4 0.8 -0.4 -0.4 2911
0.736145 -0.502164 0 -0.3 0.8 -0.4 -0.3 2912
0.759556 -0.469508 0 -0.2 0.8 -0.4 -0.2 2913
0.780874 -0.435403 0 -0.1 0.8 -0.4 -0.1 2914
0.8 -0.4 0 0 0.8 -0.4 0 2915
0.816847 -0.363457 0 0.1 0.8 -0.4 0.1 2916
0.83134 -0.32594 0 0.2 0.8 -0.4 0.2 2917
0.843418 -0.287618 0 0.3 0.8 -0.4 0.3 2918
0.853031 -0.248665 0 0.4 0.8 -0.4 0.4 2919
0.860143 -0.209259 0 0.5 0.8 -0.4 0.5 2920
0.864732 -0.169578 0 0.6 0.8 -0.4 0.6 2921
0.866791 -0.129804 0 0.7 0.8 -0.4 0.7 2922
0.866324 -0.0901153 0 0.8 0.8 -0.4 0.8 2923
0.626191 -0.547852 0 -0.8 0.8 -0.3 -0.8 2924
0.654277 -0.522381 0 -0.7 0.8 -0.3 -0.7 2925
0.680781 -0.495087 0 -0.6 0.8 -0.3 -0.6 2926
0.705574 -0.466082 0 -0.5 0.8 -0.3 -0.5 2927
0.728535 -0.435489 0 -0.4 0.8 -0.3 -0.4 2928
0.749554 -0.403441 0 -0.3 0.8 -0.3 -0.3 2929
0.768529 -0.370077 0 -0.2 0.8 -0.3 -0.2 2930
0.785371 -0.335546 0 -0.1 0.8 -0.3 -0.1 2931
0.8 -0.3 0 0 0.8 -0.3 0 2932
0.81235 -0.2636 0 0.1 0.8 -0.3 0.1 2933
0.822367 -0.226509 0 0.2 0.8 -0.3 0.2 2934
0.830009 -0.188895 0 0.3 0.8 -0.3 0.3 2935
0.835245 -0.150929 0 0.4 0.8 -0.3 0.4 2936
0.838062 -0.112782 0 0.5 0.8 -0.3 0.5 2937
0.838454 -0.0746262 0 0.6 0.8 -0.3 0.6 2938
0.836432 -0.0366346 0 0.7 0.8 -0.3 0.7 2939
0.832019 0.00102283 0 0.8 0.8 -0.3 0.8 2940
0.660496 -0.456714 0 -0.8 0.8 -0.2 -0.8 2941
0.684636 -0.429212 0 -0.7 0.8 -0.2 -0.7 2942
0.70706 -0.400135 0 -0.6 0.8 -0.2 -0.6 2943
0.727655 -0.369605 0 -0.5 0.8 -0.2 -0.5 2944
0.74632 -0.337753 0 -0.4 0.8 -0.2 -0.4 2945
0.762963 -0.304718 0 -0.3 0.8 -0.2 -0.3 2946
0.777502 -0.270646 0 -0.2 0.8 -0.2 -0.2 2947
0.789867 -0.235688 0 -0.1 0.8 -0.2 -0.1 2948
0.8 -0.2 0 0 0.8 -0.2 0 2949
0.807854 -0.163742 0 0.1 0.8 -0.2 0.1 2950
0.813394 -0.127078 0 0.2 0.8 -0.2 0.2 2951
0.8166 -0.0901724 0 0.3 0.8 -0.2 0.3 2952
0.81746 -0.0531924 0 0.4 0.8 -0.2 0.4 2953
0.81598 -0.0163044 0 0.5 0.8 -0.2 0.5 2954
0.812175 0.0203259 0 0.6 0.8 -0.2 0.6 2955
0.806073 0.0565347 0 0.7 0.8 -0.2 0.7 2956
0.797715 0.092161 0 0.8 0.8 -0.2 0.8 2957
0.694801 -0.365575 0 -0.8 0.8 -0.1 -0.8 2958
0.714995 -0.336043 0 -0.7 0.8 -0.1 -0.7 2959
0.733339 -0.305182 0 -0.6 0.8 -0.1 -0.6 2960
0.749736 -0.273127 0 -0.5 0.8 -0.1 -0.5 2961
0.764105 -0.240017 0 -0.4 0.8 -0.1 -0.4 2962
0.776372 -0.205996 0 -0.3 0.8 -0.1 -0.3 2963
0.786475 -0.171215 0 -0.2 0.8 -0.1 -0.2 2964
0.794364 -0.135831 0 -0.1 0.8 -0.1 -0.1 2965
0.8 -0.1 0 0 0.8 -0.1 0 2966
0.803357 -0.0638846 0 0.1 0.8 -0.1 0.1 2967
0.804421 -0.0276468 0 0.2 0.8 -0.1 0.2 2968
0.80319 0.00855029 0 0.3 0.8 -0.1 0.3 2969
0.799675 0.0445439 0 0.4 0.8 -0.1 0.4 2970
0.793899 0.0801729 0 0.5 0.8 -0.1 0.5 2971
0.785896 0.115278 0 0.6 0.8 -0.1 0.6 2972
0.775714 0.149704 0 0.7 0.8 -0.1 0.7 2973
0.76341 0.183299 0 0.8 0.8 -0.1 0.8 2974
0.729105 -0.274437 0 -0.8 0.8 0 -0.8 2975
0.745354 -0.242873 0 -0.7 0.8 0 -0.7 2976
0.759617 -0.21023 0 -0.6 0.8 0 -0.6 2977
0.771818 -0.17665 0 -0.5 0.8 0 -0.5 2978
0.78189 -0.14228 0 -0.4 0.8 0 -0.4 2979
0.789781 -0.107273 0 -0.3 0.8 0 -0.3 2980
0.795448 -0.0717843 0 -0.2 0.8 0 -0.2 2981
0.798861 -0.035973 0 -0.1 0.8 0 -0.1 2982
0.8 0 0 0 0.8 0 0 2983
0.798861 0.035973 0 0.1 0.8 0 0.1 2984
0.795448 0.0717843 0 0.2 0.8 0 0.2 2985
0.789781 0.107273 0 0.3 0.8 0 0.3 2986
0.78189 0.14228 0 0.4 0.8 0 0.4 2987
0.771818 0.17665 0 0.5 0.8 0 0.5 2988
0.759617 0.21023 0 0.6 0.8 0 0.6 2989
0.745354 0.242873 0 0.7 0.8 0 0.7 2990
0.729105 0.274437 0 0.8 0.8 0 0.8 2991
0.76341 -0.183299 0 -0.8 0.8 0.1 -0.8 2992
0.775714 -0.149704 0 -0.7 0.8 0.1 -0.7 2993
0.785896 -0.115278 0 -0.6 0.8 0.1 -0.6 2994
0.793899 -0.0801729 0 -0.5 0.8 0.1 -0.5 2995
0.799675 -0.0445439 0 -0.4 0.8 0.1 -0.4 2996
0.80319 -0.00855029 0 -0.3 0.8 0.1 -0.3 2997
0.804421 0.0276468 0 -0.2 0.8 0.1 -0.2 2998
0.803357 0.0638846 0 -0.1 0.8 0.1 -0.1 2999
0.8 0.1 0 0 0.8 0.1 0 3000
0.794364 0.135831 0 0.1 0.8 0.1 0.1 3001
0.786475 0.171215 0 0.2 0.8 0.1 0.2 3002
0.776372 0.205996 0 0.3 0.8 0.1 0.3 3003
0.764105 0.240017 0 0.4 0.8 0.1 0.4 3004
0.749736 0.273127 0 0.5 0.8 0.1 0.5 3005
0.733339 0.305182 0 0.6 0.8 0.1 0.6 3006
0.714995 0.336043 0 0.7 0.8 0.1 0.7 3007
0.694801 0.365575 0 0.8 0.8 0.1 0.8 3008
0.797715 -0.092161 0 -0.8 0.8 0.2 -0.8 3009
0.806073 -0.0565347 0 -0.7 0.8 0.2 -0.7 3010
0.812175 -0.0203259 0 -0.6 0.8 0.2 -0.6 3011
0.81598 0.0163044 0 -0.5 0.8 0.2 -0.5 3012
0.81746 0.0531924 0 -0.4 0.8 0.2 -0.4 3013
0.8166 0.0901724 0 -0.3 0.8 0.2 -0.3 3014
0.813394 0.127078 0 -0.2 0.8 0.2 -0.2 3015
0.807854 0.163742 0 -0.1 0.8 0.2 -0.1 3016
0.8 0.2 0 0 0.8 0.2 0 3017
0.789867 0.235688 0 0.1 0.8 0.2 0.1 3018
0.777502 0.270646 0 0.2 0.8 0.2 0.2 3019
0.762963 0.304718 0 0.3 0.8 0.2 0.3 3020
0.74632 0.337753 0 0.4 0.8 0.2 0.4 3021
0.727655 0.369605 0 0.5 0.8 0.2 0.5 3022
0.70706 0.400135 0 0.6 0.8 0.2 0.6 3023
0.684636 0.429212 0 0.7 0.8 0.2 0.7 3024
0.660496 0.456714 0 0.8 0.8 0.2 0.8 3025
0.832019 -0.00102283 0 -0.8 0.8 0.3 -0.8 3026
0.836432 0.0366346 0 -0.7 0.8 0.3 -0.7 3027
0.838454 0.0746262 0 -0.6 0.8 0.3 -0.6 3028
0.838062 0.112782 0 -0.5 0.8 0.3 -0.5 3029
0.835245 0.150929 0 -0.4 0.8 0.3 -0.4 3030
0.830009 0.188895 0 -0.3 0.8 0.3 -0.3 3031
0.822367 0.226509 0 -0.2 0.8 0.3 -0.2 3032
0.81235 0.2636 0 -0.1 0.8 0.3 -0.1 3033
0.8 0.3 0 0 0.8 0.3 0 3034
0.785371 0.335546 0 0.1 0.8 0.3 0.1 3035
0.768529 0.370077 0 0.2 0.8 0.3 0.2 3036
0.749554 0.403441 0 0.3 0.8 0.3 0.3 3037
0.728535 0.435489 0 0.4 0.8 0.3 0.4 3038
0.705574 0.466082 0 0.5 0.8 0.3 0.5 3039
0.680781 0.495087 0 0.6 0.8 0.3 0.6 3040
0.654277 0.522381 0 0.7 0.8 0.3 0.7 3041
0.626191 0.547852 0 0.8 0.8 0.3 0.8 3042
0.866324 0.0901153 0 -0.8 0.8 0.4 -0.8 3043
0.866791 0.129804 0 -0.7 0.8 0.4 -0.7 3044
0.864732 0.169578 0 -0.6 0.8 0.4 -0.6 3045
0.860143 0.209259 0 -0.5 0.8 0.4 -0.5 3046
0.853031 0.248665 0 -0.4 0.8 0.4 -0.4 3047
0.843418 0.287618 0 -0.3 0.8 0.4 -0.3 3048
0.83134 0.32594 0 -0.2 0.8 0.4 -0.2 3049
0.816847 0.363457 0 -0.1 0.8 0.4 -0.1 3050
0.8 0.4 0 0 0.8 0.4 0 3051
0.780874 0.435403 0 0.1 0.8 0.4 0.1 3052
0.759556 0.469508 0 0.2 0.8 0.4 0.2 3053
0.736145 0.502164 0 0.3 0.8 0.4 0.3 3054
0.71075 0.533225 0 0.4 0.8 0.4 0.4 3055
0.683493 0.562559 0 0.5 0.8 0.4 0.5 3056
0.654502 0.590039 0 0.6 0.8 0.4 0.6 3057
0.623918 0.615551 0 0.7 0.8 0.4 0.7 3058
0.591887 0.63899 0 0.8 0.8 0.4 0.8 3059
0.900628 0.181253 0 -0.8 0.8 0.5 -0.8 3060
0.89715 0.222973 0 -0.7 0.8 0.5 -0.7 3061
0.891011 0.264531 0 -0.6 0.8 0.5 -0.6 3062
0.882224 0.305736 0 -0.5 0.8 0.5 -0.5 3063
0.870816 0.346401 0 -0.4 0.8 0.5 -0.4 3064
0.856827 0.38634 0 -0.3 0.8 0.5 -0.3 3065
0.840313 0.425371 0 -0.2 0.8 0.5 -0.2 3066
0.821344 0.463315 0 -0.1 0.8 0.5 -0.1 3067
0.8 0.5 0 0 0.8 0.5 0 3068
0.776377 0.535261 0 0.1 0.8 0.5 0.1 3069
0.750583 0.568939 0 0.2 0.8 0.5 0.2 3070
0.722736 0.600886 0 0.3 0.8 0.5 0.3 3071
0.692965 0.630962 0 0.4 0.8 0.5 0.4 3072
0.661411 0.659036 0 0.5 0.8 0.5 0.5 3073
0.628223 0.684991 0 0.6 0.8 0.5 0.6 3074
0.593559 0.70872 0 0.7 0.8 0.5 0.7 3075
0.557582 0.730128 0 0.8 0.8 0.5 0.8 3076
0.934933 0.272392 0 -0.8 0.8 0.6 -0.8 3077
0.927509 0.316142 0 -0.7 0.8 0.6 -0.7 3078
0.91729 0.359483 0 -0.6 0.8 0.6 -0.6 3079
0.904305 0.402213 0 -0.5 0.8 0.6 -0.5 3080
0.888601 0.444138 0 -0.4 0.8 0.6 -0.4 3081
0.870236 0.485063 0 -0.3 0.8 0.6 -0.3 3082
0.849286 0.524802 0 -0.2 0.8 0.6 -0.2 3083
0.82584 0.563172 0 -0.1 0.8 0.6 -0.1 3084
0.8 0.6 0 0 0.8 0.6 0 3085
0.771881 0.635118 0 0.1 0.8 0.6 0.1 3086
0.74161 0.66837 0 0.2 0.8 0.6 0.2 3087
0.709327 0.699609 0 0.3 0.8 0.6 0.3 3088
0.67518 0.728698 0 0.4 0.8 0.6 0.4 3089
0.63933 0.755513 0 0.5 0.8 0.6 0.5 3090
0.601945 0.779943 0 0.6 0.8 0.6 0.6 3091
0.563199 0.801889 0 0.7 0.8 0.6 0.7 3092
0.523277 0.821266 0 0.8 0.8 0.6 0.8 3093
0.614415 -0.855571 0 -0.8 0.9 -0.6 -0.8 3094
0.656369 -0.832248 0 -0.7 0.9 -0.6 -0.7 3095
0.696897 -0.806222 0 -0.6 0.9 -0.6 -0.6 3096
0.735807 -0.777595 0 -0.5 0.9 -0.6 -0.5 3097
0.772917 -0.746483 0 -0.4 0.9 -0.6 -0.4 3098
0.808049 -0.713018 0 -0.3 0.9 -0.6 -0.3 3099
0.841041 -0.677343 0 -0.2 0.9 -0.6 -0.2 3100
0.871738 -0.639615 0 -0.1 0.9 -0.6 -0.1 3101
0.9 -0.6 0 0 0.9 -0.6 0 3102
0.925698 -0.558676 0 0.1 0.9 -0.6 0.1 3103
0.948717 -0.515829 0 0.2 0.9 -0.6 0.2 3104
0.968959 -0.471654 0 0.3 0.9 -0.6 0.3 3105
0.986337 -0.426353 0 0.4 0.9 -0.6 0.4 3106
1.00078 -0.380132 0 0.5 0.9 -0.6 0.5 3107
1.01224 -0.333204 0 0.6 0.9 -0.6 0.6 3108
1.02068 -0.285783 0 0.7 0.9 -0.6 0.7 3109
1.02607 -0.238087 0 0.8 0.9 -0.6 0.8 3110
0.64872 -0.764433 0 -0.8 0.9 -0.5 -0.8 3111
0.686728 -0.739079 0 -0.7 0.9 -0.5 -0.7 3112
0.723176 -0.71127 0 -0.6 0.9 -0.5 -0.6 3113
0.757889 -0.681117 0 -0.5 0.9 -0.5 -0.5 3114
0.790702 -0.648747 0 -0.4 0.9 -0.5 -0.4 3115
0.821458 -0.614295 0 -0.3 0.9 -0.5 -0.3 3116
0.850014 -0.577912 0 -0.2 0.9 -0.5 -0.2 3117
0.876235 -0.539757 0 -0.1 0.9 -0.5 -0.1 3118
0.9 -0.5 0 0 0.9 -0.5 0 3119
0.921201 -0.458818 0 0.1 0.9 -0.5 0.1 3120
0.939744 -0.416398 0 0.2 0.9 -0.5 0.2 3121
0.95555 -0.372931 0 0.3 0.9 -0.5 0.3 3122
0.968552 -0.328616 0 0.4 0.9 -0.5 0.4 3123
0.978701 -0.283655 0 0.5 0.9 -0.5 0.5 3124
0.985963 -0.238252 0 0.6 0.9 -0.5 0.6 3125
0.99032 -0.192614 0 0.7 0.9 -0.5 0.7 3126
0.991767 -0.146949 0 0.8 0.9 -0.5 0.8 3127
0.683025 -0.673295 0 -0.8 0.9 -0.4 -0.8 3128
0.717087 -0.64591 0 -0.7 0.9 -0.4 -0.7 3129
0.749454 -0.616318 0 -0.6 0.9 -0.4 -0.6 3130
0.77997 -0.58464 0 -0.5 0.9 -0.4 -0.5 3131
0.808487 -0.55101 0 -0.4 0.9 -0.4 -0.4 3132
0.834868 -0.515573 0 -0.3 0.9 -0.4 -0.3 3133
0.858987 -0.478481 0 -0.2 0.9 -0.4 -0.2 3134
0.880732 -0.4399 0 -0.1 0.9 -0.4 -0.1 3135
0.9 -0.4 0 0 0.9 -0.4 0 3136
0.916705 -0.358961 0 0.1 0.9 -0.4 0.1 3137
0.930771 -0.316967 0 0.2 0.9 -0.4 0.2 3138
0.94214 -0.274209 0 0.3 0.9 -0.4 0.3 3139
0.950767 -0.23088 0 0.4 0.9 -0.4 0.4 3140
0.95662 -0.187178 0 0.5 0.9 -0.4 0.5 3141
0.959685 -0.1433 0 0.6 0.9 -0.4 0.6 3142
0.95996 -0.0994447 0 0.7 0.9 -0.4 0.7 3143
0.957462 -0.0558107 0 0.8 0.9 -0.4 0.8 3144
0.717329 -0.582156 0 -0.8 0.9 -0.3 -0.8 3145
0.747446 -0.55274 0 -0.7 0.9 -0.3 -0.7 3146
0.775733 -0.521366 0 -0.6 0.9 -0.3 -0.6 3147
0.802051 -0.488163 0 -0.5 0.9 -0.3 -0.5 3148
0.826272 -0.453274 0 -0.4 0.9 -0.3 -0.4 3149
0.848277 -0.41685 0 -0.3 0.9 -0.3 -0.3 3150
0.86796 -0.37905 0 -0.2 0.9 -0.3 -0.2 3151
0.885228 -0.340042 0 -0.1 0.9 -0.3 -0.1 3152
0.9 -0.3 0 0 0.9 -0.3 0 3153
0.912208 -0.259103 0 0.1 0.9 -0.3 0.1 3154
0.921798 -0.217536 0 0.2 0.9 -0.3 0.2 3155
0.928731 -0.175486 0 0.3 0.9 -0.3 0.3 3156
0.932982 -0.133144 0 0.4 0.9 -0.3 0.4 3157
0.934539 -0.0907003 0 0.5 0.9 -0.3 0.5 3158
0.933406 -0.0483474 0 0.6 0.9 -0.3 0.6 3159
0.929601 -0.00627542 0 0.7 0.9 -0.3 0.7 3160
0.923157 0.0353275 0 0.8 0.9 -0.3 0.8 3161
0.751634 -0.491018 0 -0.8 0.9 -0.2 -0.8 3162
0.777805 -0.459571 0 -0.7 0.9 -0.2 -0.7 3163
0.802012 -0.426413 0 -0.6 0.9 -0.2 -0.6 3164
0.824132 -0.391686 0 -0.5 0.9 -0.2 -0.5 3165
0.844057 -0.355538 0 -0.4 0.9 -0.2 -0.4 3166
0.861686 -0.318127 0 -0.3 0.9 -0.2 -0.3 3167
0.876933 -0.279619 0 -0.2 0.9 -0.2 -0.2 3168
0.889725 -0.240185 0 -0.1 0.9 -0.2 -0.1 3169
0.9 -0.2 0 0 0.9 -0.2 0 3170
0.907711 -0.159245 0 0.1 0.9 -0.2 0.1 3171
0.912825 -0.118105 0 0.2 0.9 -0.2 0.2 3172
0.915322 -0.0767633 0 0.3 0.9 -0.2 0.3 3173
0.915197 -0.0354073 0 0.4 0.9 -0.2 0.4 3174
0.912457 0.00577689 0 0.5 0.9 -0.2 0.5 3175
0.907127 0.0466047 0 0.6 0.9 -0.2 0.6 3176
0.899242 0.0868939 0 0.7 0.9 -0.2 0.7 3177
0.888853 0.126466 0 0.8 0.9 -0.2 0.8 3178
0.785939 -0.39988 0 -0.8 0.9 -0.1 -0.8 3179
0.808165 -0.366402 0 -0.7 0.9 -0.1 -0.7 3180
0.828291 -0.331461 0 -0.6 0.9 -0.1 -0.6 3181
0.846214 -0.295209 0 -0.5 0.9 -0.1 -0.5 3182
0.861842 -0.257802 0 -0.4 0.9 -0.1 -0.4 3183
0.875095 -0.219405 0 -0.3 0.9 -0.1 -0.3 3184
0.885906 -0.180188 0 -0.2 0.9 -0.1 -0.2 3185
0.894221 -0.140327 0 -0.1 0.9 -0.1 -0.1 3186
0.9 -0.1 0 0 0.9 -0.1 0 3187
0.903215 -0.0593879 0 0.1 0.9 -0.1 0.1 3188
0.903852 -0.0186737 0 0.2 0.9 -0.1 0.2 3189
0.901913 0.0219594 0 0.3 0.9 -0.1 0.3 3190
0.897412 0.062329 0 0.4 0.9 -0.1 0.4 3191
0.890376 0.102254 0 0.5 0.9 -0.1 0.5 3192
0.880848 0.141557 0 0.6 0.9 -0.1 0.6 3193
0.868883 0.180063 0 0.7 0.9 -0.1 0.7 3194
0.854548 0.217604 0 0.8 0.9 -0.1 0.8 3195
0.820243 -0.308742 0 -0.8 0.9 0 -0.8 3196
0.838524 -0.273232 0 -0.7 0.9 0 -0.7 3197
0.85457 -0.236509 0 -0.6 0.9 0 -0.6 3198
0.868295 -0.198731 0 -0.5 0.9 0 -0.5 3199
0.879627 -0.160065 0 -0.4 0.9 0 -0.4 3200
0.888504 -0.120682 0 -0.3 0.9 0 -0.3 3201
0.894879 -0.0807573 0 -0.2 0.9 0 -0.2 3202
0.898718 -0.0404696 0 -0.1 0.9 0 -0.1 3203
0.9 0 0 0 0.9 0 0 3204
0.898718 0.0404696 0 0.1 0.9 0 0.1 3205
0.894879 0.0807573 0 0.2 0.9 0 0.2 3206
0.888504 0.120682 0 0.3 0.9 0 0.3 3207
0.879627 0.160065 0 0.4 0.9 0 0.4 3208
0.868295 0.198731 0 0.5 0.9 0 0.5 3209
0.85457 0.236509 0 0.6 0.9 0 0.6 3210
0.838524 0.273232 0 0.7 0.9 0 0.7 3211
0.820243 0.308742 0 0.8 0.9 0 0.8 3212
0.854548 -0.217604 0 -0.8 0.9 0.1 -0.8 3213
0.868883 -0.180063 0 -0.7 0.9 0.1 -0.7 3214
0.880848 -0.141557 0 -0.6 0.9 0.1 -0.6 3215
0.890376 -0.102254 0 -0.5 0.9 0.1 -0.5 3216
0.897412 -0.062329 0 -0.4 0.9 0.1 -0.4 3217
0.901913 -0.0219594 0 -0.3 0.9 0.1 -0.3 3218
0.903852 0.0186737 0 -0.2 0.9 0.1 -0.2 3219
0.903215 0.0593879 0 -0.1 0.9 0.1 -0.1 3220
0.9 0.1 0 0 0.9 0.1 0 3221
0.894221 0.140327 0 0.1 0.9 0.1 0.1 3222
0.885906 0.180188 0 0.2 0.9 0.1 0.2 3223
0.875095 0.219405 0 0.3 0.9 0.1 0.3 3224
0.861842 0.257802 0 0.4 0.9 0.1 0.4 3225
0.846214 0.295209 0 0.5 0.9 0.1 0.5 3226
0.828291 0.331461 0 0.6 0.9 0.1 0.6 3227
0.808165 0.366402 0 0.7 0.9 0.1 0.7 3228
0.785939 0.39988 0 0.8 0.9 0.1 0.8 3229
0.888853 -0.126466 0 -0.8 0.9 0.2 -0.8 3230
0.899242 -0.0868939 0 -0.7 0.9 0.2 -0.7 3231
0.907127 -0.0466047 0 -0.6 0.9 0.2 -0.6 3232
0.912457 -0.00577689 0 -0.5 0.9 0.2 -0.5 3233
0.915197 0.0354073 0 -0.4 0.9 0.2 -0.4 3234
0.915322 0.0767633 0 -0.3 0.9 0.2 -0.3 3235
0.912825 0.118105 0 -0.2 0.9 0.2 -0.2 3236
0.907711 0.159245 0 -0.1 0.9 0.2 -0.1 3237
0.9 0.2 0 0 0.9 0.2 0 3238
0.889725 0.240185 0 0.1 0.9 0.2 0.1 3239
0.876933 0.279619 0 0.2 0.9 0.2 0.2 3240
0.861686 0.318127 0 0.3 0.9 0.2 0.3 3241
0.844057 0.355538 0 0.4 0.9 0.2 0.4 3242
0.824132 0.391686 0 0.5 0.9 0.2 0.5 3243
0.802012 0.426413 0 0.6 0.9 0.2 0.6 3244
0.777805 0.459571 0 0.7 0.9 0.2 0.7 3245
0.751634 0.491018 0 0.8 0.9 0.2 0.8 3246
0.923157 -0.0353275 0 -0.8 0.9 0.3 -0.8 3247
0.929601 0.00627542 0 -0.7 0.9 0.3 -0.7 3248
0.933406 0.0483474 0 -0.6 0.9 0.3 -0.6 3249
0.934539 0.0907003 0 -0.5 0.9 0.3 -0.5 3250
0.932982 0.133144 0 -0.4 0.9 0.3 -0.4 3251
0.928731 0.175486 0 -0.3 0.9 0.3 -0.3 3252
0.921798 0.217536 0 -0.2 0.9 0.3 -0.2 3253
0.912208 0.259103 0 -0.1 0.9 0.3 -0.1 3254
0.9 0.3 0 0 0.9 0.3 0 3255
0.885228 0.340042 0 0.1 0.9 0.3 0.1 3256
0.86796 0.37905 0 0.2 0.9 0.3 0.2 3257
0.848277 0.41685 0 0.3 0.9 0.3 0.3 3258
0.826272 0.453274 0 0.4 0.9 0.3 0.4 3259
0.802051 0.488163 0 0.5 0.9 0.3 0.5 3260
0.775733 0.521366 0 0.6 0.9 0.3 0.6 3261
0.747446 0.55274 0 0.7 0.9 0.3 0.7 3262
0.717329 0.582156 0 0.8 0.9 0.3 0.8 3263
0.957462 0.0558107 0 -0.8 0.9 0.4 -0.8 3264
0.95996 0.0994447 0 -0.7 0.9 0.4 -0.7 3265
0.959685 0.1433 0 -0.6 0.9 0.4 -0.6 3266
0.95662 0.187178 0 -0.5 0.9 0.4 -0.5 3267
0.950767 0.23088 0 -0.4 0.9 0.4 -0.4 3268
0.94214 0.274209 0 -0.3 0.9 0.4 -0.3 3269
0.930771 0.316967 0 -0.2 0.9 0.4 -0.2 3270
0.916705 0.358961 0 -0.1 0.9 0.4 -0.1 3271
0.9 0.4 0 0 0.9 0.4 0 3272
0.880732 0.4399 0 0.1 0.9 0.4 0.1 3273
0.858987 0.478481 0 0.2 0.9 0.4 0.2 3274
0.834868 0.515573 0 0.3 0.9 0.4 0.3 3275
0.808487 0.55101 0 0.4 0.9 0.4 0.4 3276
0.77997 0.58464 0 0.5 0.9 0.4 0.5 3277
0.749454 0.616318 0 0.6 0.9 0.4 0.6 3278
0.717087 0.64591 0 0.7 0.9 0.4 0.7 3279
0.683025 0.673295 0 0.8 0.9 0.4 0.8 3280
0.991767 0.146949 0 -0.8 0.9 0.5 -0.8 3281
0.99032 0.192614 0 -0.7 0.9 0.5 -0.7 3282
0.985963 0.238252 0 -0.6 0.9 0.5 -0.6 3283
0.978701 0.283655 0 -0.5 0.9 0.5 -0.5 3284
0.968552 0.328616 0 -0.4 0.9 0.5 -0.4 3285
0.95555 0.372931 0 -0.3 0.9 0.5 -0.3 3286
0.939744 0.416398 0 -0.2 0.9 0.5 -0.2 3287
0.921201 0.458818 0 -0.1 0.9 0.5 -0.1 3288
0.9 0.5 0 0 0.9 0.5 0 3289
0.876235 0.539757 0 0.1 0.9 0.5 0.1 3290
0.850014 0.577912 0 0.2 0.9 0.5 0.2 3291
0.821458 0.614295 0 0.3 0.9 0.5 0.3 3292
0.790702 0.648747 0 0.4 0.9 0.5 0.4 3293
0.757889 0.681117 0 0.5 0.9 0.5 0.5 3294
0.723176 0.71127 0 0.6 0.9 0.5 0.6 3295
0.686728 0.739079 0 0.7 0.9 0.5 0.7 3296
0.64872 0.764433 0 0.8 0.9 0.5 0.8 3297
1.02607 0.238087 0 -0.8 0.9 0.6 -0.8 3298
1.02068 0.285783 0 -0.7 0.9 0.6 -0.7 3299
1.01224 0.333204 0 -0.6 0.9 0.6 -0.6 3300
1.00078 0.380132 0 -0.5 0.9 0.6 -0.5 3301
0.986337 0.426353 0 -0.4 0.9 0.6 -0.4 3302
0.968959 0.471654 0 -0.3 0.9 0.6 -0.3 3303
0.948717 0.515829 0 -0.2 0.9 0.6 -0.2 3304
0.925698 0.558676 0 -0.1 0.9 0.6 -0.1 3305
0.9 0.6 0 0 0.9 0.6 0 3306
0.871738 0.639615 0 0.1 0.9 0.6 0.1 3307
0.841041 0.677343 0 0.2 0.9 0.6 0.2 3308
0.808049 0.713018 0 0.3 0.9 0.6 0.3 3309
0.772917 0.746483 0 0.4 0.9 0.6 0.4 3310
0.735807 0.777595 0 0.5 0.9 0.6 0.5 3311
0.696897 0.806222 0 0.6 0.9 0.6 0.6 3312
0.656369 0.832248 0 0.7 0.9 0.6 0.7 3313
0.614415 0.855571 0 0.8 0.9 0.6 0.8 3314
0.705554 -0.889875 0 -0.8 1 -0.6 -0.8 3315
0.749538 -0.862607 0 -0.7 1 -0.6 -0.7 3316
0.791849 -0.832501 0 -0.6 1 -0.6 -0.6 3317
0.832285 -0.799676 0 -0.5 1 -0.6 -0.5 3318
0.870653 -0.764268 0 -0.4 1 -0.6 -0.4 3319
0.906772 -0.726427 0 -0.3 1 -0.6 -0.3 3320
0.940472 -0.686316 0 -0.2 1 -0.6 -0.2 3321
0.971596 -0.644112 0 -0.1 1 -0.6 -0.1 3322
1 -0.6 0 0 1 -0.6 0 3323
1.02556 -0.554179 0 0.1 1 -0.6 0.1 3324
1.04815 -0.506856 0 0.2 1 -0.6 0.2 3325
1.06768 -0.458245 0 0.3 1 -0.6 0.3 3326
1.08407 -0.408568 0 0.4 1 -0.6 0.4 3327
1.09726 -0.358051 0 0.5 1 -0.6 0.5 3328
1.10719 -0.306925 0 0.6 1 -0.6 0.6 3329
1.11385 -0.255424 0 0.7 1 -0.6 0.7 3330
1.11721 -0.203782 0 0.8 1 -0.6 0.8 3331
0.739858 -0.798737 0 -0.8 1 -0.5 -0.8 3332
0.779897 -0.769438 0 -0.7 1 -0.5 -0.7 3333
0.818128 -0.737549 0 -0.6 1 -0.5 -0.6 3334
0.854366 -0.703199 0 -0.5 1 -0.5 -0.5 3335
0.888438 -0.666532 0 -0.4 1 -0.5 -0.4 3336
0.920181 -0.627705 0 -0.3 1 -0.5 -0.3 3337
0.949445 -0.586885 0 -0.2 1 -0.5 -0.2 3338
0.976093 -0.544254 0 -0.1 1 -0.5 -0.1 3339
1 -0.5 0 0 1 -0.5 0 3340
1.02106 -0.454322 0 0.1 1 -0.5 0.1 3341
1.03918 -0.407425 0 0.2 1 -0.5 0.2 3342
1.05427 -0.359522 0 0.3 1 -0.5 0.3 3343
1.06629 -0.310831 0 0.4 1 -0.5 0.4 3344
1.07518 -0.261574 0 0.5 1 -0.5 0.5 3345
1.08092 -0.211973 0 0.6 1 -0.5 0.6 3346
1.08349 -0.162255 0 0.7 1 -0.5 0.7 3347
1.0829 -0.112644 0 0.8 1 -0.5 0.8 3348
0.774163 -0.707599 0 -0.8 1 -0.4 -0.8 3349
0.810256 -0.676269 0 -0.7 1 -0.4 -0.7 3350
0.844407 -0.642597 0 -0.6 1 -0.4 -0.6 3351
0.876447 -0.606721 0 -0.5 1 -0.4 -0.5 3352
0.906223 -0.568795 0 -0.4 1 -0.4 -0.4 3353
0.93359 -0.528982 0 -0.3 1 -0.4 -0.3 3354
0.958418 -0.487454 0 -0.2 1 -0.4 -0.2 3355
0.980589 -0.444397 0 -0.1 1 -0.4 -0.1 3356
1 -0.4 0 0 1 -0.4 0 3357
1.01656 -0.354464 0 0.1 1 -0.4 0.1 3358
1.0302 -0.307994 0 0.2 1 -0.4 0.2 3359
1.04086 -0.260799 0 0.3 1 -0.4 0.3 3360
1.0485 -0.213095 0 0.4 1 -0.4 0.4 3361
1.0531 -0.165096 0 0.5 1 -0.4 0.5 3362
1.05464 -0.117021 0 0.6 1 -0.4 0.6 3363
1.05313 -0.0690856 0 0.7 1 -0.4 0.7 3364
1.0486 -0.021506 0 0.8 1 -0.4 0.8 3365
0.808468 -0.616461 0 -0.8 1 -0.3 -0.8 3366
0.840616 -0.5831 0 -0.7 1 -0.3 -0.7 3367
0.870685 -0.547644 0 -0.6 1 -0.3 -0.6 3368
0.898528 -0.510244 0 -0.5 1 -0.3 -0.5 3369
0.924008 -0.471059 0 -0.4 1 -0.3 -0.4 3370
0.946999 -0.430259 0 -0.3 1 -0.3 -0.3 3371
0.967391 -0.388023 0 -0.2 1 -0.3 -0.2 3372
0.985086 -0.344539 0 -0.1 1 -0.3 -0.1 3373
1 -0.3 0 0 1 -0.3 0 3374
1.01207 -0.254606 0 0.1 1 -0.3 0.1 3375
1.02123 -0.208563 0 0.2 1 -0.3 0.2 3376
1.02745 -0.162077 0 0.3 1 -0.3 0.3 3377
1.03072 -0.115359 0 0.4 1 -0.3 0.4 3378
1.03102 -0.0686191 0 0.5 1 -0.3 0.5 3379
1.02836 -0.0220687 0 0.6 1 -0.3 0.6 3380
1.02277 0.0240837 0 0.7 1 -0.3 0.7 3381
1.0143 0.0696321 0 0.8 1 -0.3 0.8 3382
0.842772 -0.525323 0 -0.8 1 -0.2 -0.8 3383
0.870975 -0.48993 0 -0.7 1 -0.2 -0.7 3384
0.896964 -0.452692 0 -0.6 1 -0.2 -0.6 3385
0.92061 -0.413767 0 -0.5 1 -0.2 -0.5 3386
0.941793 -0.373323 0 -0.4 1 -0.2 -0.4 3387
0.960408 -0.331537 0 -0.3 1 -0.2 -0.3 3388
0.976364 -0.288592 0 -0.2 1 -0.2 -0.2 3389
0.989582 -0.244681 0 -0.1 1 -0.2 -0.1 3390
1 -0.2 0 0 1 -0.2 0 3391
1.00757 -0.154749 0 0.1 1 -0.2 0.1 3392
1.01226 -0.109132 0 0.2 1 -0.2 0.2 3393
1.01404 -0.0633541 0 0.3 1 -0.2 0.3 3394
1.01293 -0.0176223 0 0.4 1 -0.2 0.4 3395
1.00893 0.0278582 0 0.5 1 -0.2 0.5 3396
1.00208 0.0728835 0 0.6 1 -0.2 0.6 3397
0.992411 0.117253 0 0.7 1 -0.2 0.7 3398
0.979991 0.16077 0 0.8 1 -0.2 0.8 3399
0.877077 -0.434185 0 -0.8 1 -0.1 -0.8 3400
0.901334 -0.396761 0 -0.7 1 -0.1 -0.7 3401
0.923243 -0.35774 0 -0.6 1 -0.1 -0.6 3402
0.942691 -0.31729 0 -0.5 1 -0.1 -0.5 3403
0.959578 -0.275587 0 -0.4 1 -0.1 -0.4 3404
0.973818 -0.232814 0 -0.3 1 -0.1 -0.3 3405
0.985337 -0.189161 0 -0.2 1 -0.1 -0.2 3406
0.994079 -0.144824 0 -0.1 1 -0.1 -0.1 3407
1 -0.1 0 0 1 -0.1 0 3408
1.00307 -0.0548913 0 0.1 1 -0.1 0.1 3409
1.00328 -0.0097007 0 0.2 1 -0.1 0.2 3410
1.00064 0.0353685 0 0.3 1 -0.1 0.3 3411
0.995148 0.080114 0 0.4 1 -0.1 0.4 3412
0.986853 0.124335 0 0.5 1 -0.1 0.5 3413
0.9758 0.167836 0 0.6 1 -0.1 0.6 3414
0.962052 0.210422 0 0.7 1 -0.1 0.7 3415
0.945686 0.251908 0 0.8 1 -0.1 0.8 3416
0.911381 -0.343047 0 -0.8 1 0 -0.8 3417
0.931693 -0.303592 0 -0.7 1 0 -0.7 3418
0.949522 -0.262788 0 -0.6 1 0 -0.6 3419
0.964772 -0.220813 0 -0.5 1 0 -0.5 3420
0.977363 -0.17785 0 -0.4 1 0 -0.4 3421
0.987227 -0.134091 0 -0.3 1 0 -0.3 3422
0.99431 -0.0897303 0 -0.2 1 0 -0.2 3423
0.998576 -0.0449663 0 -0.1 1 0 -0.1 3424
1 0 0 0 1 0 0 3425
0.998576 0.0449663 0 0.1 1 0 0.1 3426
0.99431 0.0897303 0 0.2 1 0 0.2 3427
0.987227 0.134091 0 0.3 1 0 0.3 3428
0.977363 0.17785 0 0.4 1 0 0.4 3429
0.964772 0.220813 0 0.5 1 0 0.5 3430
0.949522 0.262788 0 0.6 1 0 0.6 3431
0.931693 0.303592 0 0.7 1 0 0.7 3432
0.911381 0.343047 0 0.8 1 0 0.8 3433
0.945686 -0.251908 0 -0.8 1 0.1 -0.8 3434
0.962052 -0.210422 0 -0.7 1 0.1 -0.7 3435
0.9758 -0.167836 0 -0.6 1 0.1 -0.6 3436
0.986853 -0.124335 0 -0.5 1 0.1 -0.5 3437
0.995148 -0.080114 0 -0.4 1 0.1 -0.4 3438
1.00064 -0.0353685 0 -0.3 1 0.1 -0.3 3439
1.00328 0.0097007 0 -0.2 1 0.1 -0.2 3440
1.00307 0.0548913 0 -0.1 1 0.1 -0.1 3441
1 0.1 0 0 1 0.1 0 3442
0.994079 0.144824 0 0.1 1 0.1 0.1 3443
0.985337 0.189161 0 0.2 1 0.1 0.2 3444
0.973818 0.232814 0 0.3 1 0.1 0.3 3445
0.959578 0.275587 0 0.4 1 0.1 0.4 3446
0.942691 0.31729 0 0.5 1 0.1 0.5 3447
0.923243 0.35774 0 0.6 1 0.1 0.6 3448
0.901334 0.396761 0 0.7 1 0.1 0.7 3449
0.877077 0.434185 0 0.8 1 0.1 0.8 3450
0.979991 -0.16077 0 -0.8 1 0.2 -0.8 3451
0.992411 -0.117253 0 -0.7 1 0.2 -0.7 3452
1.00208 -0.0728835 0 -0.6 1 0.2 -0.6 3453
1.00893 -0.0278582 0 -0.5 1 0.2 -0.5 3454
1.01293 0.0176223 0 -0.4 1 0.2 -0.4 3455
1.01404 0.0633541 0 -0.3 1 0.2 -0.3 3456
1.01226 0.109132 0 -0.2 1 0.2 -0.2 3457
1.00757 0.154749 0 -0.1 1 0.2 -0.1 3458
1 0.2 0 0 1 0.2 0 3459
0.989582 0.244681 0 0.1 1 0.2 0.1 3460
0.976364 0.288592 0 0.2 1 0.2 0.2 3461
0.960408 0.331537 0 0.3 1 0.2 0.3 3462
0.941793 0.373323 0 0.4 1 0.2 0.4 3463
0.92061 0.413767 0 0.5 1 0.2 0.5 3464
0.896964 0.452692 0 0.6 1 0.2 0.6 3465
0.870975 0.48993 0 0.7 1 0.2 0.7 3466
0.842772 0.525323 0 0.8 1 0.2 0.8 3467
1.0143 -0.0696321 0 -0.8 1 0.3 -0.8 3468
1.02277 -0.0240837 0 -0.7 1 0.3 -0.7 3469
1.02836 0.0220687 0 -0.6 1 0.3 -0.6 3470
1.03102 0.0686191 0 -0.5 1 0.3 -0.5 3471
1.03072 0.115359 0 -0.4 1 0.3 -0.4 3472
1.02745 0.162077 0 -0.3 1 0.3 -0.3 3473
1.02123 0.208563 0 -0.2 1 0.3 -0.2 3474
1.01207 0.254606 0 -0.1 1 0.3 -0.1 3475
1 0.3 0 0 1 0.3 0 3476
0.985086 0.344539 0 0.1 1 0.3 0.1 3477
0.967391 0.388023 0 0.2 1 0.3 0.2 3478
0.946999 0.430259 0 0.3 1 0.3 0.3 3479
0.924008 0.471059 0 0.4 1 0.3 0.4 3480
0.898528 0.510244 0 0.5 1 0.3 0.5 3481
0.870685 0.547644 0 0.6 1 0.3 0.6 3482
0.840616 0.5831 0 0.7 1 0.3 0.7 3483
0.808468 0.616461 0 0.8 1 0.3 0.8 3484
1.0486 0.021506 0 -0.8 1 0.4 -0.8 3485
1.05313 0.0690856 0 -0.7 1 0.4 -0.7 3486
1.05464 0.117021 0 -0.6 1 0.4 -0.6 3487
1.0531 0.165096 0 -0.5 1 0.4 -0.5 3488
1.0485 0.213095 0 -0.4 1 0.4 -0.4 3489
1.04086 0.260799 0 -0.3 1 0.4 -0.3 3490
1.0302 0.307994 0 -0.2 1 0.4 -0.2 3491
1.01656 0.354464 0 -0.1 1 0.4 -0.1 3492
1 0.4 0 0 1 0.4 0 3493
0.980589 0.444397 0 0.1 1 0.4 0.1 3494
0.958418 0.487454 0 0.2 1 0.4 0.2 3495
0.93359 0.528982 0 0.3 1 0.4 0.3 3496
0.906223 0.568795 0 0.4 1 0.4 0.4 3497
0.876447 0.606721 0 0.5 1 0.4 0.5 3498
0.844407 0.642597 0 0.6 1 0.4 0.6 3499
0.810256 0.676269 0 0.7 1 0.4 0.7 3500
0.774163 0.707599 0 0.8 1 0.4 0.8 3501
1.0829 0.112644 0 -0.8 1 0.5 -0.8 3502
1.08349 0.162255 0 -0.7 1 0.5 -0.7 3503
1.08092 0.211973 0 -0.6 1 0.5 -0.6 3504
1.07518 0.261574 0 -0.5 1 0.5 -0.5 3505
1.06629 0.310831 0 -0.4 1 0.5 -0.4 3506
1.05427 0.359522 0 -0.3 1 0.5 -0.3 3507
1.03918 0.407425 0 -0.2 1 0.5 -0.2 3508
1.02106 0.454322 0 -0.1 1 0.5 -0.1 3509
1 0.5 0 0 1 0.5 0 3510
0.976093 0.544254 0 0.1 1 0.5 0.1 3511
0.949445 0.586885 0 0.2 1 0.5 0.2 3512
0.920181 0.627705 0 0.3 1 0.5 0.3 3513
0.888438 0.666532 0 0.4 1 0.5 0.4 3514
0.854366 0.703199 0 0.5 1 0.5 0.5 3515
0.818128 0.737549 0 0.6 1 0.5 0.6 3516
0.779897 0.769438 0 0.7 1 0.5 0.7 3517
0.739858 0.798737 0 0.8 1 0.5 0.8 3518
1.11721 0.203782 0 -0.8 1 0.6 -0.8 3519
1.11385 0.255424 0 -0.7 1 0.6 -0.7 3520
1.10719 0.306925 0 -0.6 1 0.6 -0.6 3521
1.09726 0.358051 0 -0.5 1 0.6 -0.5 3522
1.08407 0.408568 0 -0.4 1 0.6 -0.4 3523
1.06768 0.458245 0 -0.3 1 0.6 -0.3 3524
1.04815 0.506856 0 -0.2 1 0.6 -0.2 3525
1.02556 0.554179 0 -0.1 1 0.6 -0.1 3526
1 0.6 0 0 1 0.6 0 3527
0.971596 0.644112 0 0.1 1 0.6 0.1 3528
0.940472 0.686316 0 0.2 1 0.6 0.2 3529
0.906772 0.726427 0 0.3 1 0.6 0.3 3530
0.870653 0.764268 0 0.4 1 0.6 0.4 3531
0.832285 0.799676 0 0.5 1 0.6 0.5 3532
0.791849 0.832501 0 0.6 1 0.6 0.6 3533
0.749538 0.862607 0 0.7 1 0.6 0.7 3534
0.705554 0.889875 0 0.8 1 0.6 0.8 3535
0.796692 -0.92418 0 -0.8 1.1 -0.6 -0.8 3536
0.842707 -0.892967 0 -0.7 1.1 -0.6 -0.7 3537
0.886801 -0.85878 0 -0.6 1.1 -0.6 -0.6 3538
0.928762 -0.821757 0 -0.5 1.1 -0.6 -0.5 3539
0.968389 -0.782053 0 -0.4 1.1 -0.6 -0.4 3540
1.00549 -0.739836 0 -0.3 1.1 -0.6 -0.3 3541
1.0399 -0.695289 0 -0.2 1.1 -0.6 -0.2 3542
1.07145 -0.648608 0 -0.1 1.1 -0.6 -0.1 3543
1.1 -0.6 0 0 1.1 -0.6 0 3544
1.12541 -0.549682 0 0.1 1.1 -0.6 0.1 3545
1.14758 -0.497883 0 0.2 1.1 -0.6 0.2 3546
1.1664 -0.444836 0 0.3 1.1 -0.6 0.3 3547
1.18181 -0.390782 0 0.4 1.1 -0.6 0.4 3548
1.19374 -0.335969 0 0.5 1.1 -0.6 0.5 3549
1.20215 -0.280646 0 0.6 1.1 -0.6 0.6 3550
1.20702 -0.225065 0 0.7 1.1 -0.6 0.7 3551
1.20835 -0.169478 0 0.8 1.1 -0.6 0.8 3552
0.830996 -0.833042 0 -0.8 1.1 -0.5 -0.8 3553
0.873067 -0.799797 0 -0.7 1.1 -0.5 -0.7 3554
0.91308 -0.763827 0 -0.6 1.1 -0.5 -0.6 3555
0.950843 -0.72528 0 -0.5 1.1 -0.5 -0.5 3556
0.986174 -0.684317 0 -0.4 1.1 -0.5 -0.4 3557
1.0189 -0.641114 0 -0.3 1.1 -0.5 -0.3 3558
1.04888 -0.595858 0 -0.2 1.1 -0.5 -0.2 3559
1.07595 -0.548751 0 -0.1 1.1 -0.5 -0.1 3560
1.1 -0.5 0 0 1.1 -0.5 0 3561
1.12092 -0.449825 0 0.1 1.1 -0.5 0.1 3562
1.13861 -0.398452 0 0.2 1.1 -0.5 0.2 3563
1.15299 -0.346113 0 0.3 1.1 -0.5 0.3 3564
1.16402 -0.293046 0 0.4 1.1 -0.5 0.4 3565
1.17166 -0.239492 0 0.5 1.1 -0.5 0.5 3566
1.17587 -0.185694 0 0.6 1.1 -0.5 0.6 3567
1.17666 -0.131896 0 0.7 1.1 -0.5 0.7 3568
1.17404 -0.0783395 0 0.8 1.1 -0.5 0.8 3569
0.865301 -0.741904 0 -0.8 1.1 -0.4 -0.8 3570
0.903426 -0.706628 0 -0.7 1.1 -0.4 -0.7 3571
0.939359 -0.668875 0 -0.6 1.1 -0.4 -0.6 3572
0.972924 -0.628803 0 -0.5 1.1 -0.4 -0.5 3573
1.00396 -0.586581 0 -0.4 1.1 -0.4 -0.4 3574
1.03231 -0.542391 0 -0.3 1.1 -0.4 -0.3 3575
1.05785 -0.496427 0 -0.2 1.1 -0.4 -0.2 3576
1.08045 -0.448893 0 -0.1 1.1 -0.4 -0.1 3577
1.1 -0.4 0 0 1.1 -0.4 0 3578
1.11642 -0.349967 0 0.1 1.1 -0.4 0.1 3579
1.12963 -0.299021 0 0.2 1.1 -0.4 0.2 3580
1.13959 -0.24739 0 0.3 1.1 -0.4 0.3 3581
1.14624 -0.19531 0 0.4 1.1 -0.4 0.4 3582
1.14957 -0.143015 0 0.5 1.1 -0.4 0.5 3583
1.14959 -0.090742 0 0.6 1.1 -0.4 0.6 3584
1.1463 -0.0387264 0 0.7 1.1 -0.4 0.7 3585
1.13974 0.0127987 0 0.8 1.1 -0.4 0.8 3586
0.899606 -0.650766 0 -0.8 1.1 -0.3 -0.8 3587
0.933785 -0.613459 0 -0.7 1.1 -0.3 -0.7 3588
0.965637 -0.573923 0 -0.6 1.1 -0.3 -0.6 3589
0.995006 -0.532326 0 -0.5 1.1 -0.3 -0.5 3590
1.02174 -0.488844 0 -0.4 1.1 -0.3 -0.4 3591
1.04572 -0.443668 0 -0.3 1.1 -0.3 -0.3 3592
1.06682 -0.396996 0 -0.2 1.1 -0.3 -0.2 3593
1.08494 -0.349036 0 -0.1 1.1 -0.3 -0.1 3594
1.1 -0.3 0 0 1.1 -0.3 0 3595
1.11192 -0.25011 0 0.1 1.1 -0.3 0.1 3596
1.12066 -0.19959 0 0.2 1.1 -0.3 0.2 3597
1.12618 -0.148668 0 0.3 1.1 -0.3 0.3 3598
1.12845 -0.0975736 0 0.4 1.1 -0.3 0.4 3599
1.12749 -0.0465378 0 0.5 1.1 -0.3 0.5 3600
1.12331 0.00421013 0 0.6 1.1 -0.3 0.6 3601
1.11594 0.0544429 0 0.7 1.1 -0.3 0.7 3602
1.10543 0.103937 0 0.8 1.1 -0.3 0.8 3603
0.93391 -0.559628 0 -0.8 1.1 -0.2 -0.8 3604
0.964144 -0.520289 0 -0.7 1.1 -0.2 -0.7 3605
0.991916 -0.478971 0 -0.6 1.1 -0.2 -0.6 3606
1.01709 -0.435848 0 -0.5 1.1 -0.2 -0.5 3607
1.03953 -0.391108 0 -0.4 1.1 -0.2 -0.4 3608
1.05913 -0.344946 0 -0.3 1.1 -0.2 -0.3 3609
1.0758 -0.297565 0 -0.2 1.1 -0.2 -0.2 3610
1.08944 -0.249178 0 -0.1 1.1 -0.2 -0.1 3611
1.1 -0.2 0 0 1.1 -0.2 0 3612
1.10743 -0.150252 0 0.1 1.1 -0.2 0.1 3613
1.11169 -0.100159 0 0.2 1.1 -0.2 0.2 3614
1.11277 -0.049945 0 0.3 1.1 -0.2 0.3 3615
1.11067 0.000162713 0 0.4 1.1 -0.2 0.4 3616
1.10541 0.0499394 0 0.5 1.1 -0.2 0.5 3617
1.09703 0.0991623 0 0.6 1.1 -0.2 0.6 3618
1.08558 0.147612 0 0.7 1.1 -0.2 0.7 3619
1.07113 0.195075 0 0.8 1.1 -0.2 0.8 3620
0.968215 -0.468489 0 -0.8 1.1 -0.1 -0.8 3621
0.994503 -0.42712 0 -0.7 1.1 -0.1 -0.7 3622
1.0182 -0.384019 0 -0.6 1.1 -0.1 -0.6 3623
1.03917 -0.339371 0 -0.5 1.1 -0.1 -0.5 3624
1.05731 -0.293372 0 -0.4 1.1 -0.1 -0.4 3625
1.07254 -0.246223 0 -0.3 1.1 -0.1 -0.3 3626
1.08477 -0.198134 0 -0.2 1.1 -0.1 -0.2 3627
1.09394 -0.14932 0 -0.1 1.1 -0.1 -0.1 3628
1.1 -0.1 0 0 1.1 -0.1 0 3629
1.10293 -0.0503947 0 0.1 1.1 -0.1 0.1 3630
1.10271 -0.000727667 0 0.2 1.1 -0.1 0.2 3631
1.09936 0.0487776 0 0.3 1.1 -0.1 0.3 3632
1.09288 0.097899 0 0.4 1.1 -0.1 0.4 3633
1.08333 0.146417 0 0.5 1.1 -0.1 0.5 3634
1.07075 0.194114 0 0.6 1.1 -0.1 0.6 3635
1.05522 0.240782 0 0.7 1.1 -0.1 0.7 3636
1.03682 0.286213 0 0.8 1.1 -0.1 0.8 3637
1.00252 -0.377351 0 -0.8 1.1 0 -0.8 3638
1.02486 -0.333951 0 -0.7 1.1 0 -0.7 3639
1.04447 -0.289067 0 -0.6 1.1 0 -0.6 3640
1.06125 -0.242894 0 -0.5 1.1 0 -0.5 3641
1.0751 -0.195635 0 -0.4 1.1 0 -0.4 3642
1.08595 -0.1475 0 -0.3 1.1 0 -0.3 3643
1.09374 -0.0987034 0 -0.2 1.1 0 -0.2 3644
1.09843 -0.0494629 0 -0.1 1.1 0 -0.1 3645
1.1 0 0 0 1.1 0 0 3646
1.09843 0.0494629 0 0.1 1.1 0 0.1 3647
1.09374 0.0987034 0 0.2 1.1 0 0.2 3648
1.08595 0.1475 0 0.3 1.1 0 0.3 3649
1.0751 0.195635 0 0.4 1.1 0 0.4 3650
1.06125 0.242894 0 0.5 1.1 0 0.5 3651
1.04447 0.289067 0 0.6 1.1 0 0.6 3652
1.02486 0.333951 0 0.7 1.1 0 0.7 3653
1.00252 0.377351 0 0.8 1.1 0 0.8 3654
1.03682 -0.286213 0 -0.8 1.1 0.1 -0.8 3655
1.05522 -0.240782 0 -0.7 1.1 0.1 -0.7 3656
1.07075 -0.194114 0 -0.6 1.1 0.1 -0.6 3657
1.08333 -0.146417 0 -0.5 1.1 0.1 -0.5 3658
1.09288 -0.097899 0 -0.4 1.1 0.1 -0.4 3659
1.09936 -0.0487776 0 -0.3 1.1 0.1 -0.3 3660
1.10271 0.000727667 0 -0.2 1.1 0.1 -0.2 3661
1.10293 0.0503947 0 -0.1 1.1 0.1 -0.1 3662
1.1 0.1 0 0 1.1 0.1 0 3663
1.09394 0.14932 0 0.1 1.1 0.1 0.1 3664
1.08477 0.198134 0 0.2 1.1 0.1 0.2 3665
1.07254 0.246223 0 0.3 1.1 0.1 0.3 3666
1.05731 0.293372 0 0.4 1.1 0.1 0.4 3667
1.03917 0.339371 0 0.5 1.1 0.1 0.5 3668
1.0182 0.384019 0 0.6 1.1 0.1 0.6 3669
0.994503 0.42712 0 0.7 1.1 0.1 0.7 3670
0.968215 0.468489 0 0.8 1.1 0.1 0.8 3671
1.07113 -0.195075 0 -0.8 1.1 0.2 -0.8 3672
1.08558 -0.147612 0 -0.7 1.1 0.2 -0.7 3673
1.09703 -0.0991623 0 -0.6 1.1 0.2 -0.6 3674
1.10541 -0.0499394 0 -0.5 1.1 0.2 -0.5 3675
1.11067 -0.000162713 0 -0.4 1.1 0.2 -0.4 3676
1.11277 0.049945 0 -0.3 1.1 0.2 -0.3 3677
1.11169 0.100159 0 -0.2 1.1 0.2 -0.2 3678
1.10743 0.150252 0 -0.1 1.1 0.2 -0.1 3679
1.1 0.2 0 0 1.1 0.2 0 3680
1.08944 0.249178 0 0.1 1.1 0.2 0.1 3681
1.0758 0.297565 0 0.2 1.1 0.2 0.2 3682
1.05913 0.344946 0 0.3 1.1 0.2 0.3 3683
1.03953 0.391108 0 0.4 1.1 0.2 0.4 3684
1.01709 0.435848 0 0.5 1.1 0.2 0.5 3685
0.991916 0.478971 0 0.6 1.1 0.2 0.6 3686
0.964144 0.520289 0 0.7 1.1 0.2 0.7 3687
0.93391 0.559628 0 0.8 1.1 0.2 0.8 3688
1.10543 -0.103937 0 -0.8 1.1 0.3 -0.8 3689
1.11594 -0.0544429 0 -0.7 1.1 0.3 -0.7 3690
1.12331 -0.00421013 0 -0.6 1.1 0.3 -0.6 3691
1.12749 0.0465378 0 -0.5 1.1 0.3 -0.5 3692
1.12845 0.0975736 0 -0.4 1.1 0.3 -0.4 3693
1.12618 0.148668 0 -0.3 1.1 0.3 -0.3 3694
1.12066 0.19959 0 -0.2 1.1 0.3 -0.2 3695
1.11192 0.25011 0 -0.1 1.1 0.3 -0.1 3696
1.1 0.3 0 0 1.1 0.3 0 3697
1.08494 0.349036 0 0.1 1.1 0.3 0.1 3698
1.06682 0.396996 0 0.2 1.1 0.3 0.2 3699
1.04572 0.443668 0 0.3 1.1 0.3 0.3 3700
1.02174 0.488844 0 0.4 1.1 0.3 0.4 3701
0.995006 0.532326 0 0.5 1.1 0.3 0.5 3702
0.965637 0.573923 0 0.6 1.1 0.3 0.6 3703
0.933785 0.613459 0 0.7 1.1 0.3 0.7 3704
0.899606 0.650766 0 0.8 1.1 0.3 0.8 3705
1.13974 -0.0127987 0 -0.8 1.1 0.4 -0.8 3706
1.1463 0.0387264 0 -0.7 1.1 0.4 -0.7 3707
1.14959 0.090742 0 -0.6 1.1 0.4 -0.6 3708
1.14957 0.143015 0 -0.5 1.1 0.4 -0.5 3709
1.14624 0.19531 0 -0.4 1.1 0.4 -0.4 3710
1.13959 0.24739 0 -0.3 1.1 0.4 -0.3 3711
1.12963 0.299021 0 -0.2 1.1 0.4 -0.2 3712
1.11642 0.349967 0 -0.1 1.1 0.4 -0.1 3713
1.1 0.4 0 0 1.1 0.4 0 3714
1.08045 0.448893 0 0.1 1.1 0.4 0.1 3715
1.05785 0.496427 0 0.2 1.1 0.4 0.2 3716
1.03231 0.542391 0 0.3 1.1 0.4 0.3 3717
1.00396 0.586581 0 0.4 1.1 0.4 0.4 3718
0.972924 0.628803 0 0.5 1.1 0.4 0.5 3719
0.939359 0.668875 0 0.6 1.1 0.4 0.6 3720
0.903426 0.706628 0 0.7 1.1 0.4 0.7 3721
0.865301 0.741904 0 0.8 1.1 0.4 0.8 3722
1.17404 0.0783395 0 -0.8 1.1 0.5 -0.8 3723
1.17666 0.131896 0 -0.7 1.1 0.5 -0.7 3724
1.17587 0.185694 0 -0.6 1.1 0.5 -0.6 3725
1.17166 0.239492 0 -0.5 1.1 0.5 -0.5 3726
1.16402 0.293046 0 -0.4 1.1 0.5 -0.4 3727
1.15299 0.346113 0 -0.3 1.1 0.5 -0.3 3728
1.13861 0.398452 0 -0.2 1.1 0.5 -0.2 3729
1.12092 0.449825 0 -0.1 1.1 0.5 -0.1 3730
1.1 0.5 0 0 1.1 0.5 0 3731
1.07595 0.548751 0 0.1 1.1 0.5 0.1 3732
1.04888 0.595858 0 0.2 1.1 0.5 0.2 3733
1.0189 0.641114 0 0.3 1.1 0.5 0.3 3734
0.986174 0.684317 0 0.4 1.1 0.5 0.4 3735
0.950843 0.72528 0 0.5 1.1 0.5 0.5 3736
0.91308 0.763827 0 0.6 1.1 0.5 0.6 3737
0.873067 0.799797 0 0.7 1.1 0.5 0.7 3738
0.830996 0.833042 0 0.8 1.1 0.5 0.8 3739
1.20835 0.169478 0 -0.8 1.1 0.6 -0.8 3740
1.20702 0.225065 0 -0.7 1.1 0.6 -0.7 3741
1.20215 0.280646 0 -0.6 1.1 0.6 -0.6 3742
1.19374 0.335969 0 -0.5 1.1 0.6 -0.5 3743
1.18181 0.390782 0 -0.4 1.1 0.6 -0.4 3744
1.1664 0.444836 0 -0.3 1.1 0.6 -0.3 3745
1.14758 0.497883 0 -0.2 1.1 0.6 -0.2 3746
1.12541 0.549682 0 -0.1 1.1 0.6 -0.1 3747
1.1 0.6 0 0 1.1 0.6 0 3748
1.07145 0.648608 0 0.1 1.1 0.6 0.1 3749
1.0399 0.695289 0 0.2 1.1 0.6 0.2 3750
1.00549 0.739836 0 0.3 1.1 0.6 0.3 3751
0.968389 0.782053 0 0.4 1.1 0.6 0.4 3752
0.928762 0.821757 0 0.5 1.1 0.6 0.5 3753
0.886801 0.85878 0 0.6 1.1 0.6 0.6 3754
0.842707 0.892967 0 0.7 1.1 0.6 0.7 3755
0.796692 0.92418 0 0.8 1.1 0.6 0.8 3756
0.88783 -0.958485 0 -0.8 1.2 -0.6 -0.8 3757
0.935877 -0.923326 0 -0.7 1.2 -0.6 -0.7 3758
0.981753 -0.885058 0 -0.6 1.2 -0.6 -0.6 3759
1.02524 -0.843838 0 -0.5 1.2 -0.6 -0.5 3760
1.06613 -0.799838 0 -0.4 1.2 -0.6 -0.4 3761
1.10422 -0.753245 0 -0.3 1.2 -0.6 -0.3 3762
1.13933 -0.704263 0 -0.2 1.2 -0.6 -0.2 3763
1.17131 -0.653105 0 -0.1 1.2 -0.6 -0.1 3764
1.2 -0.6 0 0 1.2 -0.6 0 3765
1.22527 -0.545186 0 0.1 1.2 -0.6 0.1 3766
1.24701 -0.48891 0 0.2 1.2 -0.6 0.2 3767
1.26513 -0.431427 0 0.3 1.2 -0.6 0.3 3768
1.27955 -0.372997 0 0.4 1.2 -0.6 0.4 3769
1.29021 -0.313888 0 0.5 1.2 -0.6 0.5 3770
1.2971 -0.254368 0 0.6 1.2 -0.6 0.6 3771
1.30019 -0.194706 0 0.7 1.2 -0.6 0.7 3772
1.29949 -0.135173 0 0.8 1.2 -0.6 0.8 3773
0.922134 -0.867347 0 -0.8 1.2 -0.5 -0.8 3774
0.966236 -0.830157 0 -0.7 1.2 -0.5 -0.7 3775
1.00803 -0.790106 0 -0.6 1.2 -0.5 -0.6 3776
1.04732 -0.747361 0 -0.5 1.2 -0.5 -0.5 3777
1.08391 -0.702102 0 -0.4 1.2 -0.5 -0.4 3778
1.11763 -0.654523 0 -0.3 1.2 -0.5 -0.3 3779
1.14831 -0.604831 0 -0.2 1.2 -0.5 -0.2 3780
1.17581 -0.553247 0 -0.1 1.2 -0.5 -0.1 3781
1.2 -0.5 0 0 1.2 -0.5 0 3782
1.22077 -0.445328 0 0.1 1.2 -0.5 0.1 3783
1.23804 -0.389479 0 0.2 1.2 -0.5 0.2 3784
1.25172 -0.332704 0 0.3 1.2 -0.5 0.3 3785
1.26176 -0.275261 0 0.4 1.2 -0.5 0.4 3786
1.26813 -0.217411 0 0.5 1.2 -0.5 0.5 3787
1.27082 -0.159415 0 0.6 1.2 -0.5 0.6 3788
1.26983 -0.101537 0 0.7 1.2 -0.5 0.7 3789
1.26518 -0.0440348 0 0.8 1.2 -0.5 0.8 3790
0.956439 -0.776209 0 -0.8 1.2 -0.4 -0.8 3791
0.996595 -0.736987 0 -0.7 1.2 -0.4 -0.7 3792
1.03431 -0.695154 0 -0.6 1.2 -0.4 -0.6 3793
1.0694 -0.650884 0 -0.5 1.2 -0.4 -0.5 3794
1.1017 -0.604366 0 -0.4 1.2 -0.4 -0.4 3795
1.13104 -0.5558 0 -0.3 1.2 -0.4 -0.3 3796
1.15728 -0.5054 0 -0.2 1.2 -0.4 -0.2 3797
1.1803 -0.45339 0 -0.1 1.2 -0.4 -0.1 3798
1.2 -0.4 0 0 1.2 -0.4 0 3799
1.21628 -0.345471 0 0.1 1.2 -0.4 0.1 3800
1.22906 -0.290048 0 0.2 1.2 -0.4 0.2 3801
1.23831 -0.233981 0 0.3 1.2 -0.4 0.3 3802
1.24398 -0.177525 0 0.4 1.2 -0.4 0.4 3803
1.24605 -0.120934 0 0.5 1.2 -0.4 0.5 3804
1.24454 -0.0644633 0 0.6 1.2 -0.4 0.6 3805
1.23947 -0.00836723 0 0.7 1.2 -0.4 0.7 3806
1.23088 0.0471033 0 0.8 1.2 -0.4 0.8 3807
0.990744 -0.68507 0 -0.8 1.2 -0.3 -0.8 3808
1.02695 -0.643818 0 -0.7 1.2 -0.3 -0.7 3809
1.06059 -0.600202 0 -0.6 1.2 -0.3 -0.6 3810
1.09148 -0.554407 0 -0.5 1.2 -0.3 -0.5 3811
1.11948 -0.506629 0 -0.4 1.2 -0.3 -0.4 3812
1.14444 -0.457077 0 -0.3 1.2 -0.3 -0.3 3813
1.16625 -0.405969 0 -0.2 1.2 -0.3 -0.2 3814
1.1848 -0.353532 0 -0.1 1.2 -0.3 -0.1 3815
1.2 -0.3 0 0 1.2 -0.3 0 3816
1.21178 -0.245613 0 0.1 1.2 -0.3 0.1 3817
1.22009 -0.190617 0 0.2 1.2 -0.3 0.2 3818
1.2249 -0.135259 0 0.3 1.2 -0.3 0.3 3819
1.22619 -0.0797886 0 0.4 1.2 -0.3 0.4 3820
1.22397 -0.0244565 0 0.5 1.2 -0.3 0.5 3821
1.21826 0.0304889 0 0.6 1.2 -0.3 0.6 3822
1.20911 0.0848021 0 0.7 1.2 -0.3 0.7 3823
1.19657 0.138241 0 0.8 1.2 -0.3 0.8 3824
1.02505 -0.593932 0 -0.8 1.2 -0.2 -0.8 3825
1.05731 -0.550649 0 -0.7 1.2 -0.2 -0.7 3826
1.08687 -0.50525 0 -0.6 1.2 -0.2 -0.6 3827
1.11356 -0.45793 0 -0.5 1.2 -0.2 -0.5 3828
1.13727 -0.408893 0 -0.4 1.2 -0.2 -0.4 3829
1.15785 -0.358355 0 -0.3 1.2 -0.2 -0.3 3830
1.17523 -0.306538 0 -0.2 1.2 -0.2 -0.2 3831
1.1893 -0.253675 0 -0.1 1.2 -0.2 -0.1 3832
1.2 -0.2 0 0 1.2 -0.2 0 3833
1.20728 -0.145756 0 0.1 1.2 -0.2 0.1 3834
1.21112 -0.0911857 0 0.2 1.2 -0.2 0.2 3835
1.21149 -0.0365359 0 0.3 1.2 -0.2 0.3 3836
1.20841 0.0179477 0 0.4 1.2 -0.2 0.4 3837
1.20189 0.0720207 0 0.5 1.2 -0.2 0.5 3838
1.19198 0.125441 0 0.6 1.2 -0.2 0.6 3839
1.17875 0.177971 0 0.7 1.2 -0.2 0.7 3840
1.16227 0.22938 0 0.8 1.2 -0.2 0.8 3841
1.05935 -0.502794 0 -0.8 1.2 -0.1 -0.8 3842
1.08767 -0.457479 0 -0.7 1.2 -0.1 -0.7 3843
1.11315 -0.410298 0 -0.6 1.2 -0.1 -0.6 3844
1.13565 -0.361452 0 -0.5 1.2 -0.1 -0.5 3845
1.15505 -0.311157 0 -0.4 1.2 -0.1 -0.4 3846
1.17126 -0.259632 0 -0.3 1.2 -0.1 -0.3 3847
1.1842 -0.207107 0 -0.2 1.2 -0.1 -0.2 3848
1.19379 -0.153817 0 -0.1 1.2 -0.1 -0.1 3849
1.2 -0.1 0 0 1.2 -0.1 0 3850
1.20279 -0.0458981 0 0.1 1.2 -0.1 0.1 3851
1.20215 0.00824537 0 0.2 1.2 -0.1 0.2 3852
1.19808 0.0621868 0 0.3 1.2 -0.1 0.3 3853
1.19062 0.115684 0 0.4 1.2 -0.1 0.4 3854
1.17981 0.168498 0 0.5 1.2 -0.1 0.5 3855
1.1657 0.220393 0 0.6 1.2 -0.1 0.6 3856
1.14839 0.271141 0 0.7 1.2 -0.1 0.7 3857
1.12796 0.320518 0 0.8 1.2 -0.1 0.8 3858
1.09366 -0.411656 0 -0.8 1.2 0 -0.8 3859
1.11803 -0.36431 0 -0.7 1.2 0 -0.7 3860
1.13943 -0.315345 0 -0.6 1.2 0 -0.6 3861
1.15773 -0.264975 0 -0.5 1.2 0 -0.5 3862
1.17284 -0.21342 0 -0.4 1.2 0 -0.4 3863
1.18467 -0.160909 0 -0.3 1.2 0 -0.3 3864
1.19317 -0.107676 0 -0.2 1.2 0 -0.2 3865
1.19829 -0.0539595 0 -0.1 1.2 0 -0.1 3866
1.2 0 0 0 1.2 0 0 3867
1.19829 0.0539595 0 0.1 1.2 0 0.1 3868
1.19317 0.107676 0 0.2 1.2 0 0.2 3869
1.18467 0.160909 0 0.3 1.2 0 0.3 3870
1.17284 0.21342 0 0.4 1.2 0 0.4 3871
1.15773 0.264975 0 0.5 1.2 0 0.5 3872
1.13943 0.315345 0 0.6 1.2 0 0.6 3873
1.11803 0.36431 0 0.7 1.2 0 0.7 3874
1.09366 0.411656 0 0.8 1.2 0 0.8 3875
1.12796 -0.320518 0 -0.8 1.2 0.1 -0.8 3876
1.14839 -0.271141 0 -0.7 1.2 0.1 -0.7 3877
1.1657 -0.220393 0 -0.6 1.2 0.1 -0.6 3878
1.17981 -0.168498 0 -0.5 1.2 0.1 -0.5 3879
1.19062 -0.115684 0 -0.4 1.2 0.1 -0.4 3880
1.19808 -0.0621868 0 -0.3 1.2 0.1 -0.3 3881
1.20215 -0.00824537 0 -0.2 1.2 0.1 -0.2 3882
1.20279 0.0458981 0 -0.1 1.2 0.1 -0.1 3883
1.2 0.1 0 0 1.2 0.1 0 3884
1.19379 0.153817 0 0.1 1.2 0.1 0.1 3885
1.1842 0.207107 0 0.2 1.2 0.1 0.2 3886
1.17126 0.259632 0 0.3 1.2 0.1 0.3 3887
1.15505 0.311157 0 0.4 1.2 0.1 0.4 3888
1.13565 0.361452 0 0.5 1.2 0.1 0.5 3889
1.11315 0.410298 0 0.6 1.2 0.1 0.6 3890
1.08767 0.457479 0 0.7 1.2 0.1 0.7 3891
1.05935 0.502794 0 0.8 1.2 0.1 0.8 3892
1.16227 -0.22938 0 -0.8 1.2 0.2 -0.8 3893
1.17875 -0.177971 0 -0.7 1.2 0.2 -0.7 3894
1.19198 -0.125441 0 -0.6 1.2 0.2 -0.6 3895
1.20189 -0.0720207 0 -0.5 1.2 0.2 -0.5 3896
1.20841 -0.0179477 0 -0.4 1.2 0.2 -0.4 3897
1.21149 0.0365359 0 -0.3 1.2 0.2 -0.3 3898
1.21112 0.0911857 0 -0.2 1.2 0.2 -0.2 3899
1.20728 0.145756 0 -0.1 1.2 0.2 -0.1 3900
1.2 0.2 0 0 1.2 0.2 0 3901
1.1893 0.253675 0 0.1 1.2 0.2 0.1 3902
1.17523 0.306538 0 0.2 1.2 0.2 0.2 3903
1.15785 0.358355 0 0.3 1.2 0.2 0.3 3904
1.13727 0.408893 0 0.4 1.2 0.2 0.4 3905
1.11356 0.45793 0 0.5 1.2 0.2 0.5 3906
1.08687 0.50525 0 0.6 1.2 0.2 0.6 3907
1.05731 0.550649 0 0.7 1.2 0.2 0.7 3908
1.02505 0.593932 0 0.8 1.2 0.2 0.8 3909
1.19657 -0.138241 0 -0.8 1.2 0.3 -0.8 3910
1.20911 -0.0848021 0 -0.7 1.2 0.3 -0.7 3911
1.21826 -0.0304889 0 -0.6 1.2 0.3 -0.6 3912
1.22397 0.0244565 0 -0.5 1.2 0.3 -0.5 3913
1.22619 0.0797886 0 -0.4 1.2 0.3 -0.4 3914
1.2249 0.135259 0 -0.3 1.2 0.3 -0.3 3915
1.22009 0.190617 0 -0.2 1.2 0.3 -0.2 3916
1.21178 0.245613 0 -0.1 1.2 0.3 -0.1 3917
1.2 0.3 0 0 1.2 0.3 0 3918
1.1848 0.353532 0 0.1 1.2 0.3 0.1 3919
1.16625 0.405969 0 0.2 1.2 0.3 0.2 3920
1.14444 0.457077 0 0.3 1.2 0.3 0.3 3921
1.11948 0.506629 0 0.4 1.2 0.3 0.4 3922
1.09148 0.554407 0 0.5 1.2 0.3 0.5 3923
1.06059 0.600202 0 0.6 1.2 0.3 0.6 3924
1.02695 0.643818 0 0.7 1.2 0.3 0.7 3925
0.990744 0.68507 0 0.8 1.2 0.3 0.8 3926
1.23088 -0.0471033 0 -0.8 1.2 0.4 -0.8 3927
1.23947 0.00836723 0 -0.7 1.2 0.4 -0.7 3928
1.24454 0.0644633 0 -0.6 1.2 0.4 -0.6 3929
1.24605 0.120934 0 -0.5 1.2 0.4 -0.5 3930
1.24398 0.177525 0 -0.4 1.2 0.4 -0.4 3931
1.23831 0.233981 0 -0.3 1.2 0.4 -0.3 3932
1.22906 0.290048 0 -0.2 1.2 0.4 -0.2 3933
1.21628 0.345471 0 -0.1 1.2 0.4 -0.1 3934
1.2 0.4 0 0 1.2 0.4 0 3935
1.1803 0.45339 0 0.1 1.2 0.4 0.1 3936
1.15728 0.5054 0 0.2 1.2 0.4 0.2 3937
1.13104 0.5558 0 0.3 1.2 0.4 0.3 3938
1.1017 0.604366 0 0.4 1.2 0.4 0.4 3939
1.0694 0.650884 0 0.5 1.2 0.4 0.5 3940
1.03431 0.695154 0 0.6 1.2 0.4 0.6 3941
0.996595 0.736987 0 0.7 1.2 0.4 0.7 3942
0.956439 0.776209 0 0.8 1.2 0.4 0.8 3943
1.26518 0.0440348 0 -0.8 1.2 0.5 -0.8 3944
1.26983 0.101537 0 -0.7 1.2 0.5 -0.7 3945
1.27082 0.159415 0 -0.6 1.2 0.5 -0.6 3946
1.26813 0.217411 0 -0.5 1.2 0.5 -0.5 3947
1.26176 0.275261 0 -0.4 1.2 0.5 -0.4 3948
1.25172 0.332704 0 -0.3 1.2 0.5 -0.3 3949
1.23804 0.389479 0 -0.2 1.2 0.5 -0.2 3950
1.22077 0.445328 0 -0.1 1.2 0.5 -0.1 3951
1.2 0.5 0 0 1.2 0.5 0 3952
1.17581 0.553247 0 0.1 1.2 0.5 0.1 3953
1.14831 0.604831 0 0.2 1.2 0.5 0.2 3954
1.11763 0.654523 0 0.3 1.2 0.5 0.3 3955
1.08391 0.702102 0 0.4 1.2 0.5 0.4 3956
1.04732 0.747361 0 0.5 1.2 0.5 0.5 3957
1.00803 0.790106 0 0.6 1.2 0.5 0.6 3958
0.966236 0.830157 0 0.7 1.2 0.5 0.7 3959
0.922134 0.867347 0 0.8 1.2 0.5 0.8 3960
1.29949 0.135173 0 -0.8 1.2 0.6 -0.8 3961
1.30019 0.194706 0 -0.7 1.2 0.6 -0.7 3962
1.2971 0.254368 0 -0.6 1.2 0.6 -0.6 3963
1.29021 0.313888 0 -0.5 1.2 0.6 -0.5 3964
1.27955 0.372997 0 -0.4 1.2 0.6 -0.4 3965
1.26513 0.431427 0 -0.3 1.2 0.6 -0.3 3966
1.24701 0.48891 0 -0.2 1.2 0.6 -0.2 3967
1.22527 0.545186 0 -0.1 1.2 0.6 -0.1 3968
1.2 0.6 0 0 1.2 0.6 0 3969
1.17131 0.653105 0 0.1 1.2 0.6 0.1 3970
1.13933 0.704263 0 0.2 1.2 0.6 0.2 3971
1.10422 0.753245 0 0.3 1.2 0.6 0.3 3972
1.06613 0.799838 0 0.4 1.2 0.6 0.4 3973
1.02524 0.843838 0 0.5 1.2 0.6 0.5 3974
0.981753 0.885058 0 0.6 1.2 0.6 0.6 3975
0.935877 0.923326 0 0.7 1.2 0.6 0.7 3976
0.88783 0.958485 0 0.8 1.2 0.6 0.8 3977
0.978968 -0.992789 0 -0.8 1.3 -0.6 -0.8 3978
1.02905 -0.953685 0 -0.7 1.3 -0.6 -0.7 3979
1.07671 -0.911337 0 -0.6 1.3 -0.6 -0.6 3980
1.12172 -0.86592 0 -0.5 1.3 -0.6 -0.5 3981
1.16386 -0.817623 0 -0.4 1.3 -0.6 -0.4 3982
1.20294 -0.766655 0 -0.3 1.3 -0.6 -0.3 3983
1.23877 -0.713236 0 -0.2 1.3 -0.6 -0.2 3984
1.27117 -0.657602 0 -0.1 1.3 -0.6 -0.1 3985
1.3 -0.6 0 0 1.3 -0.6 0 3986
1.32513 -0.540689 0 0.1 1.3 -0.6 0.1 3987
1.34644 -0.479937 0 0.2 1.3 -0.6 0.2 3988
1.36385 -0.418017 0 0.3 1.3 -0.6 0.3 3989
1.37728 -0.355212 0 0.4 1.3 -0.6 0.4 3990
1.38669 -0.291807 0 0.5 1.3 -0.6 0.5 3991
1.39205 -0.228089 0 0.6 1.3 -0.6 0.6 3992
1.39336 -0.164347 0 0.7 1.3 -0.6 0.7 3993
1.39062 -0.100868 0 0.8 1.3 -0.6 0.8 3994
1.01327 -0.901651 0 -0.8 1.3 -0.5 -0.8 3995
1.05941 -0.860516 0 -0.7 1.3 -0.5 -0.7 3996
1.10298 -0.816385 0 -0.6 1.3 -0.5 -0.6 3997
1.1438 -0.769442 0 -0.5 1.3 -0.5 -0.5 3998
1.18165 -0.719887 0 -0.4 1.3 -0.5 -0.4 3999
1.21635 -0.667932 0 -0.3 1.3 -0.5 -0.3 4000
1.24774 -0.613805 0 -0.2 1.3 -0.5 -0.2 4001
1.27567 -0.557744 0 -0.1 1.3 -0.5 -0.1 4002
1.3 -0.5 0 0 1.3 -0.5 0 4003
1.32063 -0.440832 0 0.1 1.3 -0.5 0.1 4004
1.33747 -0.380506 0 0.2 1.3 -0.5 0.2 4005
1.35044 -0.319295 0 0.3 1.3 -0.5 0.3 4006
1.3595 -0.257476 0 0.4 1.3 -0.5 0.4 4007
1.36461 -0.19533 0 0.5 1.3 -0.5 0.5 4008
1.36577 -0.133137 0 0.6 1.3 -0.5 0.6 4009
1.363 -0.0711774 0 0.7 1.3 -0.5 0.7 4010
1.35632 -0.00973018 0 0.8 1.3 -0.5 0.8 4011
1.04758 -0.810513 0 -0.8 1.3 -0.4 -0.8 4012
1.08976 -0.767346 0 -0.7 1.3 -0.4 -0.7 4013
1.12926 -0.721433 0 -0.6 1.3 -0.4 -0.6 4014
1.16588 -0.672965 0 -0.5 1.3 -0.4 -0.5 4015
1.19943 -0.622151 0 -0.4 1.3 -0.4 -0.4 4016
1.22976 -0.569209 0 -0.3 1.3 -0.4 -0.3 4017
1.25671 -0.514374 0 -0.2 1.3 -0.4 -0.2 4018
1.28016 -0.457886 0 -0.1 1.3 -0.4 -0.1 4019
1.3 -0.4 0 0 1.3 -0.4 0 4020
1.31613 -0.340974 0 0.1 1.3 -0.4 0.1 4021
1.3285 -0.281075 0 0.2 1.3 -0.4 0.2 4022
1.33703 -0.220572 0 0.3 1.3 -0.4 0.3 4023
1.34171 -0.15974 0 0.4 1.3 -0.4 0.4 4024
1.34253 -0.0988525 0 0.5 1.3 -0.4 0.5 4025
1.33949 -0.0381845 0 0.6 1.3 -0.4 0.6 4026
1.33264 0.0219919 0 0.7 1.3 -0.4 0.7 4027
1.32201 0.081408 0 0.8 1.3 -0.4 0.8 4028
1.08188 -0.719375 0 -0.8 1.3 -0.3 -0.8 4029
1.12012 -0.674177 0 -0.7 1.3 -0.3 -0.7 4030
1.15554 -0.626481 0 -0.6 1.3 -0.3 -0.6 4031
1.18796 -0.576488 0 -0.5 1.3 -0.3 -0.5 4032
1.21722 -0.524414 0 -0.4 1.3 -0.3 -0.4 4033
1.24317 -0.470487 0 -0.3 1.3 -0.3 -0.3 4034
1.26568 -0.414942 0 -0.2 1.3 -0.3 -0.2 4035
1.28466 -0.358029 0 -0.1 1.3 -0.3 -0.1 4036
1.3 -0.3 0 0 1.3 -0.3 0 4037
1.31164 -0.241117 0 0.1 1.3 -0.3 0.1 4038
1.31952 -0.181644 0 0.2 1.3 -0.3 0.2 4039
1.32362 -0.121849 0 0.3 1.3 -0.3 0.3 4040
1.32393 -0.0620035 0 0.4 1.3 -0.3 0.4 4041
1.32045 -0.00237529 0 0.5 1.3 -0.3 0.5 4042
1.31321 0.0567677 0 0.6 1.3 -0.3 0.6 4043
1.30228 0.115161 0 0.7 1.3 -0.3 0.7 4044
1.28771 0.172546 0 0.8 1.3 -0.3 0.8 4045
1.11619 -0.628237 0 -0.8 1.3 -0.2 -0.8 4046
1.15048 -0.581008 0 -0.7 1.3 -0.2 -0.7 4047
1.18182 -0.531529 0 -0.6 1.3 -0.2 -0.6 4048
1.21004 -0.480011 0 -0.5 1.3 -0.2 -0.5 4049
1.235 -0.426678 0 -0.4 1.3 -0.2 -0.4 4050
1.25658 -0.371764 0 -0.3 1.3 -0.2 -0.3 4051
1.27466 -0.315511 0 -0.2 1.3 -0.2 -0.2 4052
1.28916 -0.258171 0 -0.1 1.3 -0.2 -0.1 4053
1.3 -0.2 0 0 1.3 -0.2 0 4054
1.30714 -0.141259 0 0.1 1.3 -0.2 0.1 4055
1.31055 -0.0822126 0 0.2 1.3 -0.2 0.2 4056
1.31021 -0.0231268 0 0.3 1.3 -0.2 0.3 4057
1.30614 0.0357328 0 0.4 1.3 -0.2 0.4 4058
1.29837 0.0941019 0 0.5 1.3 -0.2 0.5 4059
1.28694 0.15172 0 0.6 1.3 -0.2 0.6 4060
1.27192 0.208331 0 0.7 1.3 -0.2 0.7 4061
1.25341 0.263684 0 0.8 1.3 -0.2 0.8 4062
1.15049 -0.537099 0 -0.8 1.3 -0.1 -0.8 4063
1.18084 -0.487838 0 -0.7 1.3 -0.1 -0.7 4064
1.2081 -0.436576 0 -0.6 1.3 -0.1 -0.6 4065
1.23212 -0.383534 0 -0.5 1.3 -0.1 -0.5 4066
1.25279 -0.328942 0 -0.4 1.3 -0.1 -0.4 4067
1.26999 -0.273041 0 -0.3 1.3 -0.1 -0.3 4068
1.28363 -0.21608 0 -0.2 1.3 -0.1 -0.2 4069
1.29365 -0.158314 0 -0.1 1.3 -0.1 -0.1 4070
1.3 -0.1 0 0 1.3 -0.1 0 4071
1.30264 -0.0414014 0 0.1 1.3 -0.1 0.1 4072
1.30158 0.0172184 0 0.2 1.3 -0.1 0.2 4073
1.2968 0.0755959 0 0.3 1.3 -0.1 0.3 4074
1.28836 0.133469 0 0.4 1.3 -0.1 0.4 4075
1.27629 0.190579 0 0.5 1.3 -0.1 0.5 4076
1.26066 0.246672 0 0.6 1.3 -0.1 0.6 4077
1.24156 0.3015 0 0.7 1.3 -0.1 0.7 4078
1.2191 0.354822 0 0.8 1.3 -0.1 0.8 4079
1.1848 -0.445961 0 -0.8 1.3 0 -0.8 4080
1.2112 -0.394669 0 -0.7 1.3 0 -0.7 4081
1.23438 -0.341624 0 -0.6 1.3 0 -0.6 4082
1.2542 -0.287056 0 -0.5 1.3 0 -0.5 4083
1.27057 -0.231205 0 -0.4 1.3 0 -0.4 4084
1.28339 -0.174319 0 -0.3 1.3 0 -0.3 4085
1.2926 -0.116649 0 -0.2 1.3 0 -0.2 4086
1.29815 -0.0584561 0 -0.1 1.3 0 -0.1 4087
1.3 0 0 0 1.3 0 0 4088
1.29815 0.0584561 0 0.1 1.3 0 0.1 4089
1.2926 0.116649 0 0.2 1.3 0 0.2 4090
1.28339 0.174319 0 0.3 1.3 0 0.3 4091
1.27057 0.231205 0 0.4 1.3 0 0.4 4092
1.2542 0.287056 0 0.5 1.3 0 0.5 4093
1.23438 0.341624 0 0.6 1.3 0 0.6 4094
1.2112 0.394669 0 0.7 1.3 0 0.7 4095
1.1848 0.445961 0 0.8 1.3 0 0.8 4096
1.2191 -0.354822 0 -0.8 1.3 0.1 -0.8 4097
1.24156 -0.3015 0 -0.7 1.3 0.1 -0.7 4098
1.26066 -0.246672 0 -0.6 1.3 0.1 -0.6 4099
1.27629 -0.190579 0 -0.5 1.3 0.1 -0.5 4100
1.28836 -0.133469 0 -0.4 1.3 0.1 -0.4 4101
1.2968 -0.0755959 0 -0.3 1.3 0.1 -0.3 4102
1.30158 -0.0172184 0 -0.2 1.3 0.1 -0.2 4103
1.30264 0.0414014 0 -0.1 1.3 0.1 -0.1 4104
1.3 0.1 0 0 1.3 0.1 0 4105
1.29365 0.158314 0 0.1 1.3 0.1 0.1 4106
1.28363 0.21608 0 0.2 1.3 0.1 0.2 4107
1.26999 0.273041 0 0.3 1.3 0.1 0.3 4108
1.25279 0.328942 0 0.4 1.3 0.1 0.4 4109
1.23212 0.383534 0 0.5 1.3 0.1 0.5 4110
1.2081 0.436576 0 0.6 1.3 0.1 0.6 4111
1.18084 0.487838 0 0.7 1.3 0.1 0.7 4112
1.15049 0.537099 0 0.8 1.3 0.1 0.8 4113
1.25341 -0.263684 0 -0.8 1.3 0.2 -0.8 4114
1.27192 -0.208331 0 -0.7 1.3 0.2 -0.7 4115
1.28694 -0.15172 0 -0.6 1.3 0.2 -0.6 4116
1.29837 -0.0941019 0 -0.5 1.3 0.2 -0.5 4117
1.30614 -0.0357328 0 -0.4 1.3 0.2 -0.4 4118
1.31021 0.0231268 0 -0.3 1.3 0.2 -0.3 4119
1.31055 0.0822126 0 -0.2 1.3 0.2 -0.2 4120
1.30714 0.141259 0 -0.1 1.3 0.2 -0.1 4121
1.3 0.2 0 0 1.3 0.2 0 4122
1.28916 0.258171 0 0.1 1.3 0.2 0.1 4123
1.27466 0.315511 0 0.2 1.3 0.2 0.2 4124
1.25658 0.371764 0 0.3 1.3 0.2 0.3 4125
1.235 0.426678 0 0.4 1.3 0.2 0.4 4126
1.21004 0.480011 0 0.5 1.3 0.2 0.5 4127
1.18182 0.531529 0 0.6 1.3 0.2 0.6 4128
1.15048 0.581008 0 0.7 1.3 0.2 0.7 4129
1.11619 0.628237 0 0.8 1.3 0.2 0.8 4130
1.28771 -0.172546 0 -0.8 1.3 0.3 -0.8 4131
1.30228 -0.115161 0 -0.7 1.3 0.3 -0.7 4132
1.31321 -0.0567677 0 -0.6 1.3 0.3 -0.6 4133
1.32045 0.00237529 0 -0.5 1.3 0.3 -0.5 4134
1.32393 0.0620035 0 -0.4 1.3 0.3 -0.4 4135
1.32362 0.121849 0 -0.3 1.3 0.3 -0.3 4136
1.31952 0.181644 0 -0.2 1.3 0.3 -0.2 4137
1.31164 0.241117 0 -0.1 1.3 0.3 -0.1 4138
1.3 0.3 0 0 1.3 0.3 0 4139
1.28466 0.358029 0 0.1 1.3 0.3 0.1 4140
1.26568 0.414942 0 0.2 1.3 0.3 0.2 4141
1.24317 0.470487 0 0.3 1.3 0.3 0.3 4142
1.21722 0.524414 0 0.4 1.3 0.3 0.4 4143
1.18796 0.576488 0 0.5 1.3 0.3 0.5 4144
1.15554 0.626481 0 0.6 1.3 0.3 0.6 4145
1.12012 0.674177 0 0.7 1.3 0.3 0.7 4146
1.08188 0.719375 0 0.8 1.3 0.3 0.8 4147
1.32201 -0.081408 0 -0.8 1.3 0.4 -0.8 4148
1.33264 -0.0219919 0 -0.7 1.3 0.4 -0.7 4149
1.33949 0.0381845 0 -0.6 1.3 0.4 -0.6 4150
1.34253 0.0988525 0 -0.5 1.3 0.4 -0.5 4151
1.34171 0.15974 0 -0.4 1.3 0.4 -0.4 4152
1.33703 0.220572 0 -0.3 1.3 0.4 -0.3 4153
1.3285 0.281075 0 -0.2 1.3 0.4 -0.2 4154
1.31613 0.340974 0 -0.1 1.3 0.4 -0.1 4155
1.3 0.4 0 0 1.3 0.4 0 4156
1.28016 0.457886 0 0.1 1.3 0.4 0.1 4157
1.25671 0.514374 0 0.2 1.3 0.4 0.2 4158
1.22976 0.569209 0 0.3 1.3 0.4 0.3 4159
1.19943 0.622151 0 0.4 1.3 0.4 0.4 4160
1.16588 0.672965 0 0.5 1.3 0.4 0.5 4161
1.12926 0.721433 0 0.6 1.3 0.4 0.6 4162
1.08976 0.767346 0 0.7 1.3 0.4 0.7 4163
1.04758 0.810513 0 0.8 1.3 0.4 0.8 4164
1.35632 0.00973018 0 -0.8 1.3 0.5 -0.8 4165
1.363 0.0711774 0 -0.7 1.3 0.5 -0.7 4166
1.36577 0.133137 0 -0.6 1.3 0.5 -0.6 4167
1.36461 0.19533 0 -0.5 1.3 0.5 -0.5 4168
1.3595 0.257476 0 -0.4 1.3 0.5 -0.4 4169
1.35044 0.319295 0 -0.3 1.3 0.5 -0.3 4170
1.33747 0.380506 0 -0.2 1.3 0.5 -0.2 4171
1.32063 0.440832 0 -0.1 1.3 0.5 -0.1 4172
1.3 0.5 0 0 1.3 0.5 0 4173
1.27567 0.557744 0 0.1 1.3 0.5 0.1 4174
1.24774 0.613805 0 0.2 1.3 0.5 0.2 4175
1.21635 0.667932 0 0.3 1.3 0.5 0.3 4176
1.18165 0.719887 0 0.4 1.3 0.5 0.4 4177
1.1438 0.769442 0 0.5 1.3 0.5 0.5 4178
1.10298 0.816385 0 0.6 1.3 0.5 0.6 4179
1.05941 0.860516 0 0.7 1.3 0.5 0.7 4180
1.01327 0.901651 0 0.8 1.3 0.5 0.8 4181
1.39062 0.100868 0 -0.8 1.3 0.6 -0.8 4182
1.39336 0.164347 0 -0.7 1.3 0.6 -0.7 4183
1.39205 0.228089 0 -0.6 1.3 0.6 -0.6 4184
1.38669 0.291807 0 -0.5 1.3 0.6 -0.5 4185
1.37728 0.355212 0 -0.4 1.3 0.6 -0.4 4186
1.36385 0.418017 0 -0.3 1.3 0.6 -0.3 4187
1.34644 0.479937 0 -0.2 1.3 0.6 -0.2 4188
1.32513 0.540689 0 -0.1 1.3 0.6 -0.1 4189
1.3 0.6 0 0 1.3 0.6 0 4190
1.27117 0.657602 0 0.1 1.3 0.6 0.1 4191
1.23877 0.713236 0 0.2 1.3 0.6 0.2 4192
1.20294 0.766655 0 0.3 1.3 0.6 0.3 4193
1.16386 0.817623 0 0.4 1.3 0.6 0.4 4194
1.12172 0.86592 0 0.5 1.3 0.6 0.5 4195
1.07671 0.911337 0 0.6 1.3 0.6 0.6 4196
1.02905 0.953685 0 0.7 1.3 0.6 0.7 4197
0.978968 0.992789 0 0.8 1.3 0.6 0.8 4198
1.07011 -1.02709 0 -0.8 1.4 -0.6 -0.8 4199
1.12222 -0.984044 0 -0.7 1.4 -0.6 -0.7 4200
1.17166 -0.937616 0 -0.6 1.4 -0.6 -0.6 4201
1.21819 -0.888001 0 -0.5 1.4 -0.6 -0.5 4202
1.2616 -0.835408 0 -0.4 1.4 -0.6 -0.4 4203
1.30166 -0.780064 0 -0.3 1.4 -0.6 -0.3 4204
1.3382 -0.722209 0 -0.2 1.4 -0.6 -0.2 4205
1.37103 -0.662098 0 -0.1 1.4 -0.6 -0.1 4206
1.4 -0.6 0 0 1.4 -0.6 0 4207
1.42499 -0.536193 0 0.1 1.4 -0.6 0.1 4208
1.44587 -0.470964 0 0.2 1.4 -0.6 0.2 4209
1.46257 -0.404608 0 0.3 1.4 -0.6 0.3 4210
1.47502 -0.337427 0 0.4 1.4 -0.6 0.4 4211
1.48317 -0.269726 0 0.5 1.4 -0.6 0.5 4212
1.487 -0.20181 0 0.6 1.4 -0.6 0.6 4213
1.48653 -0.133988 0 0.7 1.4 -0.6 0.7 4214
1.48176 -0.0665637 0 0.8 1.4 -0.6 0.8 4215
1.10441 -0.935956 0 -0.8 1.4 -0.5 -0.8 4216
1.15257 -0.890875 0 -0.7 1.4 -0.5 -0.7 4217
1.19794 -0.842664 0 -0.6 1.4 -0.5 -0.6 4218
1.24027 -0.791524 0 -0.5 1.4 -0.5 -0.5 4219
1.27938 -0.737672 0 -0.4 1.4 -0.5 -0.4 4220
1.31507 -0.681341 0 -0.3 1.4 -0.5 -0.3 4221
1.34717 -0.622778 0 -0.2 1.4 -0.5 -0.2 4222
1.37552 -0.562241 0 -0.1 1.4 -0.5 -0.1 4223
1.4 -0.5 0 0 1.4 -0.5 0 4224
1.42049 -0.436335 0 0.1 1.4 -0.5 0.1 4225
1.4369 -0.371533 0 0.2 1.4 -0.5 0.2 4226
1.44916 -0.305886 0 0.3 1.4 -0.5 0.3 4227
1.45723 -0.239691 0 0.4 1.4 -0.5 0.4 4228
1.46109 -0.173248 0 0.5 1.4 -0.5 0.5 4229
1.46072 -0.106858 0 0.6 1.4 -0.5 0.6 4230
1.45617 -0.0408182 0 0.7 1.4 -0.5 0.7 4231
1.44746 0.0245745 0 0.8 1.4 -0.5 0.8 4232
1.13872 -0.844818 0 -0.8 1.4 -0.4 -0.8 4233
1.18293 -0.797706 0 -0.7 1.4 -0.4 -0.7 4234
1.22422 -0.747712 0 -0.6 1.4 -0.4 -0.6 4235
1.26236 -0.695046 0 -0.5 1.4 -0.4 -0.5 4236
1.29717 -0.639936 0 -0.4 1.4 -0.4 -0.4 4237
1.32848 -0.582618 0 -0.3 1.4 -0.4 -0.3 4238
1.35614 -0.523347 0 -0.2 1.4 -0.4 -0.2 4239
1.38002 -0.462383 0 -0.1 1.4 -0.4 -0.1 4240
1.4 -0.4 0 0 1.4 -0.4 0 4241
1.41599 -0.336477 0 0.1 1.4 -0.4 0.1 4242
1.42793 -0.272102 0 0.2 1.4 -0.4 0.2 4243
1.43575 -0.207163 0 0.3 1.4 -0.4 0.3 4244
1.43945 -0.141955 0 0.4 1.4 -0.4 0.4 4245
1.43901 -0.0767712 0 0.5 1.4 -0.4 0.5 4246
1.43445 -0.0119057 0 0.6 1.4 -0.4 0.6 4247
1.42581 0.0523511 0 0.7 1.4 -0.4 0.7 4248
1.41315 0.115713 0 0.8 1.4 -0.4 0.8 4249
1.17302 -0.75368 0 -0.8 1.4 -0.3 -0.8 4250
1.21329 -0.704536 0 -0.7 1.4 -0.3 -0.7 4251
1.25049 -0.652759 0 -0.6 1.4 -0.3 -0.6 4252
1.28444 -0.598569 0 -0.5 1.4 -0.3 -0.5 4253
1.31495 -0.542199 0 -0.4 1.4 -0.3 -0.4 4254
1.34189 -0.483896 0 -0.3 1.4 -0.3 -0.3 4255
1.36512 -0.423916 0 -0.2 1.4 -0.3 -0.2 4256
1.38452 -0.362525 0 -0.1 1.4 -0.3 -0.1 4257
1.4 -0.3 0 0 1.4 -0.3 0 4258
1.4115 -0.23662 0 0.1 1.4 -0.3 0.1 4259
1.41895 -0.172671 0 0.2 1.4 -0.3 0.2 4260
1.42234 -0.10844 0 0.3 1.4 -0.3 0.3 4261
1.42166 -0.0442185 0 0.4 1.4 -0.3 0.4 4262
1.41692 0.019706 0 0.5 1.4 -0.3 0.5 4263
1.40817 0.0830465 0 0.6 1.4 -0.3 0.6 4264
1.39545 0.14552 0 0.7 1.4 -0.3 0.7 4265
1.37885 0.206851 0 0.8 1.4 -0.3 0.8 4266
1.20732 -0.662542 0 -0.8 1.4 -0.2 -0.8 4267
1.24365 -0.611367 0 -0.7 1.4 -0.2 -0.7 4268
1.27677 -0.557807 0 -0.6 1.4 -0.2 -0.6 4269
1.30652 -0.502092 0 -0.5 1.4 -0.2 -0.5 4270
1.33274 -0.444463 0 -0.4 1.4 -0.2 -0.4 4271
1.3553 -0.385173 0 -0.3 1.4 -0.2 -0.3 4272
1.37409 -0.324484 0 -0.2 1.4 -0.2 -0.2 4273
1.38901 -0.262668 0 -0.1 1.4 -0.2 -0.1 4274
1.4 -0.2 0 0 1.4 -0.2 0 4275
1.407 -0.136762 0 0.1 1.4 -0.2 0.1 4276
1.40998 -0.0732396 0 0.2 1.4 -0.2 0.2 4277
1.40894 -0.00971766 0 0.3 1.4 -0.2 0.3 4278
1.40388 0.0535178 0 0.4 1.4 -0.2 0.4 4279
1.39484 0.116183 0 0.5 1.4 -0.2 0.5 4280
1.38189 0.177999 0 0.6 1.4 -0.2 0.6 4281
1.36509 0.23869 0 0.7 1.4 -0.2 0.7 4282
1.34454 0.297989 0 0.8 1.4 -0.2 0.8 4283
1.24163 -0.571403 0 -0.8 1.4 -0.1 -0.8 4284
1.27401 -0.518198 0 -0.7 1.4 -0.1 -0.7 4285
1.30305 -0.462855 0 -0.6 1.4 -0.1 -0.6 4286
1.3286 -0.405615 0 -0.5 1.4 -0.1 -0.5 4287
1.35052 -0.346727 0 -0.4 1.4 -0.1 -0.4 4288
1.36871 -0.28645 0 -0.3 1.4 -0.1 -0.3 4289
1.38306 -0.225053 0 -0.2 1.4 -0.1 -0.2 4290
1.39351 -0.16281 0 -0.1 1.4 -0.1 -0.1 4291
1.4 -0.1 0 0 1.4 -0.1 0 4292
1.4025 -0.0369048 0 0.1 1.4 -0.1 0.1 4293
1.40101 0.0261914 0 0.2 1.4 -0.1 0.2 4294
1.39553 0.089005 0 0.3 1.4 -0.1 0.3 4295
1.38609 0.151254 0 0.4 1.4 -0.1 0.4 4296
1.37276 0.21266 0 0.5 1.4 -0.1 0.5 4297
1.35561 0.272951 0 0.6 1.4 -0.1 0.6 4298
1.33473 0.331859 0 0.7 1.4 -0.1 0.7 4299
1.31024 0.389127 0 0.8 1.4 -0.1 0.8 4300
1.27593 -0.480265 0 -0.8 1.4 0 -0.8 4301
1.30437 -0.425028 0 -0.7 1.4 0 -0.7 4302
1.32933 -0.367903 0 -0.6 1.4 0 -0.6 4303
1.35068 -0.309138 0 -0.5 1.4 0 -0.5 4304
1.36831 -0.24899 0 -0.4 1.4 0 -0.4 4305
1.38212 -0.187728 0 -0.3 1.4 0 -0.3 4306
1.39203 -0.125622 0 -0.2 1.4 0 -0.2 4307
1.39801 -0.0629528 0 -0.1 1.4 0 -0.1 4308
1.4 0 0 0 1.4 0 0 4309
1.39801 0.0629528 0 0.1 1.4 0 0.1 4310
1.39203 0.125622 0 0.2 1.4 0 0.2 4311
1.38212 0.187728 0 0.3 1.4 0 0.3 4312
1.36831 0.24899 0 0.4 1.4 0 0.4 4313
1.35068 0.309138 0 0.5 1.4 0 0.5 4314
1.32933 0.367903 0 0.6 1.4 0 0.6 4315
1.30437 0.425028 0 0.7 1.4 0 0.7 4316
1.27593 0.480265 0 0.8 1.4 0 0.8 4317
1.31024 -0.389127 0 -0.8 1.4 0.1 -0.8 4318
1.33473 -0.331859 0 -0.7 1.4 0.1 -0.7 4319
1.35561 -0.272951 0 -0.6 1.4 0.1 -0.6 4320
1.37276 -0.21266 0 -0.5 1.4 0.1 -0.5 4321
1.38609 -0.151254 0 -0.4 1.4 0.1 -0.4 4322
1.39553 -0.089005 0 -0.3 1.4 0.1 -0.3 4323
1.40101 -0.0261914 0 -0.2 1.4 0.1 -0.2 4324
1.4025 0.0369048 0 -0.1 1.4 0.1 -0.1 4325
1.4 0.1 0 0 1.4 0.1 0 4326
1.39351 0.16281 0 0.1 1.4 0.1 0.1 4327
1.38306 0.225053 0 0.2 1.4 0.1 0.2 4328
1.36871 0.28645 0 0.3 1.4 0.1 0.3 4329
1.35052 0.346727 0 0.4 1.4 0.1 0.4 4330
1.3286 0.405615 0 0.5 1.4 0.1 0.5 4331
1.30305 0.462855 0 0.6 1.4 0.1 0.6 4332
1.27401 0.518198 0 0.7 1.4 0.1 0.7 4333
1.24163 0.571403 0 0.8 1.4 0.1 0.8 4334
1.34454 -0.297989 0 -0.8 1.4 0.2 -0.8 4335
1.36509 -0.23869 0 -0.7 1.4 0.2 -0.7 4336
1.38189 -0.177999 0 -0.6 1.4 0.2 -0.6 4337
1.39484 -0.116183 0 -0.5 1.4 0.2 -0.5 4338
1.40388 -0.0535178 0 -0.4 1.4 0.2 -0.4 4339
1.40894 0.00971766 0 -0.3 1.4 0.2 -0.3 4340
1.40998 0.0732396 0 -0.2 1.4 0.2 -0.2 4341
1.407 0.136762 0 -0.1 1.4 0.2 -0.1 4342
1.4 0.2 0 0 1.4 0.2 0 4343
1.38901 0.262668 0 0.1 1.4 0.2 0.1 4344
1.37409 0.324484 0 0.2 1.4 0.2 0.2 4345
1.3553 0.385173 0 0.3 1.4 0.2 0.3 4346
1.33274 0.444463 0 0.4 1.4 0.2 0.4 4347
1.30652 0.502092 0 0.5 1.4 0.2 0.5 4348
1.27677 0.557807 0 0.6 1.4 0.2 0.6 4349
1.24365 0.611367 0 0.7 1.4 0.2 0.7 4350
1.20732 0.662542 0 0.8 1.4 0.2 0.8 4351
1.37885 -0.206851 0 -0.8 1.4 0.3 -0.8 4352
1.39545 -0.14552 0 -0.7 1.4 0.3 -0.7 4353
1.40817 -0.0830465 0 -0.6 1.4 0.3 -0.6 4354
1.41692 -0.019706 0 -0.5 1.4 0.3 -0.5 4355
1.42166 0.0442185 0 -0.4 1.4 0.3 -0.4 4356
1.42234 0.10844 0 -0.3 1.4 0.3 -0.3 4357
1.41895 0.172671 0 -0.2 1.4 0.3 -0.2 4358
1.4115 0.23662 0 -0.1 1.4 0.3 -0.1 4359
1.4 0.3 0 0 1.4 0.3 0 4360
1.38452 0.362525 0 0.1 1.4 0.3 0.1 4361
1.36512 0.423916 0 0.2 1.4 0.3 0.2 4362
1.34189 0.483896 0 0.3 1.4 0.3 0.3 4363
1.31495 0.542199 0 0.4 1.4 0.3 0.4 4364
1.28444 0.598569 0 0.5 1.4 0.3 0.5 4365
1.25049 0.652759 0 0.6 1.4 0.3 0.6 4366
1.21329 0.704536 0 0.7 1.4 0.3 0.7 4367
1.17302 0.75368 0 0.8 1.4 0.3 0.8 4368
1.41315 -0.115713 0 -0.8 1.4 0.4 -0.8 4369
1.42581 -0.0523511 0 -0.7 1.4 0.4 -0.7 4370
1.43445 0.0119057 0 -0.6 1.4 0.4 -0.6 4371
1.43901 0.0767712 0 -0.5 1.4 0.4 -0.5 4372
1.43945 0.141955 0 -0.4 1.4 0.4 -0.4 4373
1.43575 0.207163 0 -0.3 1.4 0.4 -0.3 4374
1.42793 0.272102 0 -0.2 1.4 0.4 -0.2 4375
1.41599 0.336477 0 -0.1 1.4 0.4 -0.1 4376
1.4 0.4 0 0 1.4 0.4 0 4377
1.38002 0.462383 0 0.1 1.4 0.4 0.1 4378
1.35614 0.523347 0 0.2 1.4 0.4 0.2 4379
1.32848 0.582618 0 0.3 1.4 0.4 0.3 4380
1.29717 0.639936 0 0.4 1.4 0.4 0.4 4381
1.26236 0.695046 0 0.5 1.4 0.4 0.5 4382
1.22422 0.747712 0 0.6 1.4 0.4 0.6 4383
1.18293 0.797706 0 0.7 1.4 0.4 0.7 4384
1.13872 0.844818 0 0.8 1.4 0.4 0.8 4385
1.44746 -0.0245745 0 -0.8 1.4 0.5 -0.8 4386
1.45617 0.0408182 0 -0.7 1.4 0.5 -0.7 4387
1.46072 0.106858 0 -0.6 1.4 0.5 -0.6 4388
1.46109 0.173248 0 -0.5 1.4 0.5 -0.5 4389
1.45723 0.239691 0 -0.4 1.4 0.5 -0.4 4390
1.44916 0.305886 0 -0.3 1.4 0.5 -0.3 4391
1.4369 0.371533 0 -0.2 1.4 0.5 -0.2 4392
1.42049 0.436335 0 -0.1 1.4 0.5 -0.1 4393
1.4 0.5 0 0 1.4 0.5 0 4394
1.37552 0.562241 0 0.1 1.4 0.5 0.1 4395
1.34717 0.622778 0 0.2 1.4 0.5 0.2 4396
1.31507 0.681341 0 0.3 1.4 0.5 0.3 4397
1.27938 0.737672 0 0.4 1.4 0.5 0.4 4398
1.24027 0.791524 0 0.5 1.4 0.5 0.5 4399
1.19794 0.842664 0 0.6 1.4 0.5 0.6 4400
1.15257 0.890875 0 0.7 1.4 0.5 0.7 4401
1.10441 0.935956 0 0.8 1.4 0.5 0.8 4402
1.48176 0.0665637 0 -0.8 1.4 0.6 -0.8 4403
1.48653 0.133988 0 -0.7 1.4 0.6 -0.7 4404
1.487 0.20181 0 -0.6 1.4 0.6 -0.6 4405
1.48317 0.269726 0 -0.5 1.4 0.6 -0.5 4406
1.47502 0.337427 0 -0.4 1.4 0.6 -0.4 4407
1.46257 0.404608 0 -0.3 1.4 0.6 -0.3 4408
1.44587 0.470964 0 -0.2 1.4 0.6 -0.2 4409
1.42499 0.536193 0 -0.1 1.4 0.6 -0.1 4410
1.4 0.6 0 0 1.4 0.6 0 4411
1.37103 0.662098 0 0.1 1.4 0.6 0.1 4412
1.3382 0.722209 0 0.2 1.4 0.6 0.2 4413
1.30166 0.780064 0 0.3 1.4 0.6 0.3 4414
1.2616 0.835408 0 0.4 1.4 0.6 0.4 4415
1.21819 0.888001 0 0.5 1.4 0.6 0.5 4416
1.17166 0.937616 0 0.6 1.4 0.6 0.6 4417
1.12222 0.984044 0 0.7 1.4 0.6 0.7 4418
1.07011 1.02709 0 0.8 1.4 0.6 0.8 4419
1.16124 -1.0614 0 -0.8 1.5 -0.6 -0.8 4420
1.21538 -1.0144 0 -0.7 1.5 -0.6 -0.7 4421
1.26661 -0.963895 0 -0.6 1.5 -0.6 -0.6 4422
1.31467 -0.910082 0 -0.5 1.5 -0.6 -0.5 4423
1.35933 -0.853193 0 -0.4 1.5 -0.6 -0.4 4424
1.40039 -0.793473 0 -0.3 1.5 -0.6 -0.3 4425
1.43763 -0.731182 0 -0.2 1.5 -0.6 -0.2 4426
1.47088 -0.666595 0 -0.1 1.5 -0.6 -0.1 4427
1.5 -0.6 0 0 1.5 -0.6 0 4428
1.52484 -0.531696 0 0.1 1.5 -0.6 0.1 4429
1.5453 -0.461991 0 0.2 1.5 -0.6 0.2 4430
1.56129 -0.391199 0 0.3 1.5 -0.6 0.3 4431
1.57275 -0.319642 0 0.4 1.5 -0.6 0.4 4432
1.57965 -0.247644 0 0.5 1.5 -0.6 0.5 4433
1.58196 -0.175531 0 0.6 1.5 -0.6 0.6 4434
1.57969 -0.103628 0 0.7 1.5 -0.6 0.7 4435
1.5729 -0.032259 0 0.8 1.5 -0.6 0.8 4436
1.19555 -0.970261 0 -0.8 1.5 -0.5 -0.8 4437
1.24574 -0.921234 0 -0.7 1.5 -0.5 -0.7 4438
1.29289 -0.868943 0 -0.6 1.5 -0.5 -0.6 4439
1.33675 -0.813605 0 -0.5 1.5 -0.5 -0.5 4440
1.37712 -0.755457 0 -0.4 1.5 -0.5 -0.4 4441
1.41379 -0.69475 0 -0.3 1.5 -0.5 -0.3 4442
1.4466 -0.631751 0 -0.2 1.5 -0.5 -0.2 4443
1.47538 -0.566737 0 -0.1 1.5 -0.5 -0.1 4444
1.5 -0.5 0 0 1.5 -0.5 0 4445
1.52035 -0.431838 0 0.1 1.5 -0.5 0.1 4446
1.53633 -0.36256 0 0.2 1.5 -0.5 0.2 4447
1.54789 -0.292477 0 0.3 1.5 -0.5 0.3 4448
1.55497 -0.221906 0 0.4 1.5 -0.5 0.4 4449
1.55756 -0.151167 0 0.5 1.5 -0.5 0.5 4450
1.55568 -0.0805791 0 0.6 1.5 -0.5 0.6 4451
1.54934 -0.010459 0 0.7 1.5 -0.5 0.7 4452
1.5386 0.0588791 0 0.8 1.5 -0.5 0.8 4453
1.22985 -0.879122 0 -0.8 1.5 -0.4 -0.8 4454
1.2761 -0.828065 0 -0.7 1.5 -0.4 -0.7 4455
1.31917 -0.77399 0 -0.6 1.5 -0.4 -0.6 4456
1.35883 -0.717128 0 -0.5 1.5 -0.4 -0.5 4457
1.3949 -0.657721 0 -0.4 1.5 -0.4 -0.4 4458
1.4272 -0.596027 0 -0.3 1.5 -0.4 -0.3 4459
1.45557 -0.53232 0 -0.2 1.5 -0.4 -0.2 4460
1.47988 -0.46688 0 -0.1 1.5 -0.4 -0.1 4461
1.5 -0.4 0 0 1.5 -0.4 0 4462
1.51585 -0.331981 0 0.1 1.5 -0.4 0.1 4463
1.52736 -0.263129 0 0.2 1.5 -0.4 0.2 4464
1.53448 -0.193754 0 0.3 1.5 -0.4 0.3 4465
1.53718 -0.12417 0 0.4 1.5 -0.4 0.4 4466
1.53548 -0.05469 0 0.5 1.5 -0.4 0.5 4467
1.5294 0.0143731 0 0.6 1.5 -0.4 0.6 4468
1.51898 0.0827103 0 0.7 1.5 -0.4 0.7 4469
1.50429 0.150017 0 0.8 1.5 -0.4 0.8 4470
1.26416 -0.787984 0 -0.8 1.5 -0.3 -0.8 4471
1.30646 -0.734895 0 -0.7 1.5 -0.3 -0.7 4472
1.34545 -0.679038 0 -0.6 1.5 -0.3 -0.6 4473
1.38091 -0.620651 0 -0.5 1.5 -0.3 -0.5 4474
1.41269 -0.559984 0 -0.4 1.5 -0.3 -0.4 4475
1.44061 -0.497305 0 -0.3 1.5 -0.3 -0.3 4476
1.46455 -0.432889 0 -0.2 1.5 -0.3 -0.2 4477
1.48437 -0.367022 0 -0.1 1.5 -0.3 -0.1 4478
1.5 -0.3 0 0 1.5 -0.3 0 4479
1.51135 -0.232123 0 0.1 1.5 -0.3 0.1 4480
1.51838 -0.163698 0 0.2 1.5 -0.3 0.2 4481
1.52107 -0.0950312 0 0.3 1.5 -0.3 0.3 4482
1.5194 -0.0264335 0 0.4 1.5 -0.3 0.4 4483
1.5134 0.0417872 0 0.5 1.5 -0.3 0.5 4484
1.50312 0.109325 0 0.6 1.5 -0.3 0.6 4485
1.48862 0.17588 0 0.7 1.5 -0.3 0.7 4486
1.46999 0.241155 0 0.8 1.5 -0.3 0.8 4487
1.29846 -0.696846 0 -0.8 1.5 -0.2 -0.8 4488
1.33682 -0.641726 0 -0.7 1.5 -0.2 -0.7 4489
1.37172 -0.584086 0 -0.6 1.5 -0.2 -0.6 4490
1.403 -0.524173 0 -0.5 1.5 -0.2 -0.5 4491
1.43047 -0.462248 0 -0.4 1.5 -0.2 -0.4 4492
1.45402 -0.398582 0 -0.3 1.5 -0.2 -0.3 4493
1.47352 -0.333458 0 -0.2 1.5 -0.2 -0.2 4494
1.48887 -0.267165 0 -0.1 1.5 -0.2 -0.1 4495
1.5 -0.2 0 0 1.5 -0.2 0 4496
1.50686 -0.132266 0 0.1 1.5 -0.2 0.1 4497
1.50941 -0.0642666 0 0.2 1.5 -0.2 0.2 4498
1.50766 0.00369146 0 0.3 1.5 -0.2 0.3 4499
1.50161 0.0713028 0 0.4 1.5 -0.2 0.4 4500
1.49132 0.138264 0 0.5 1.5 -0.2 0.5 4501
1.47684 0.204277 0 0.6 1.5 -0.2 0.6 4502
1.45826 0.269049 0 0.7 1.5 -0.2 0.7 4503
1.43568 0.332294 0 0.8 1.5 -0.2 0.8 4504
1.33277 -0.605708 0 -0.8 1.5 -0.1 -0.8 4505
1.36718 -0.548557 0 -0.7 1.5 -0.1 -0.7 4506
1.398 -0.489134 0 -0.6 1.5 -0.1 -0.6 4507
1.42508 -0.427696 0 -0.5 1.5 -0.1 -0.5 4508
1.44826 -0.364512 0 -0.4 1.5 -0.1 -0.4 4509
1.46743 -0.299859 0 -0.3 1.5 -0.1 -0.3 4510
1.48249 -0.234027 0 -0.2 1.5 -0.1 -0.2 4511
1.49337 -0.167307 0 -0.1 1.5 -0.1 -0.1 4512
1.5 -0.1 0 0 1.5 -0.1 0 4513
1.50236 -0.0324082 0 0.1 1.5 -0.1 0.1 4514
1.50044 0.0351645 0 0.2 1.5 -0.1 0.2 4515
1.49425 0.102414 0 0.3 1.5 -0.1 0.3 4516
1.48383 0.169039 0 0.4 1.5 -0.1 0.4 4517
1.46924 0.234742 0 0.5 1.5 -0.1 0.5 4518
1.45056 0.29923 0 0.6 1.5 -0.1 0.6 4519
1.4279 0.362218 0 0.7 1.5 -0.1 0.7 4520
1.40138 0.423432 0 0.8 1.5 -0.1 0.8 4521
1.36707 -0.51457 0 -0.8 1.5 0 -0.8 4522
1.39754 -0.455387 0 -0.7 1.5 0 -0.7 4523
1.42428 -0.394182 0 -0.6 1.5 0 -0.6 4524
1.44716 -0.331219 0 -0.5 1.5 0 -0.5 4525
1.46604 -0.266775 0 -0.4 1.5 0 -0.4 4526
1.48084 -0.201137 0 -0.3 1.5 0 -0.3 4527
1.49147 -0.134595 0 -0.2 1.5 0 -0.2 4528
1.49786 -0.0674494 0 -0.1 1.5 0 -0.1 4529
1.5 0 0 0 1.5 0 0 4530
1.49786 0.0674494 0 0.1 1.5 0 0.1 4531
1.49147 0.134595 0 0.2 1.5 0 0.2 4532
1.48084 0.201137 0 0.3 1.5 0 0.3 4533
1.46604 0.266775 0 0.4 1.5 0 0.4 4534
1.44716 0.331219 0 0.5 1.5 0 0.5 4535
1.42428 0.394182 0 0.6 1.5 0 0.6 4536
1.39754 0.455387 0 0.7 1.5 0 0.7 4537
1.36707 0.51457 0 0.8 1.5 0 0.8 4538
1.40138 -0.423432 0 -0.8 1.5 0.1 -0.8 4539
1.4279 -0.362218 0 -0.7 1.5 0.1 -0.7 4540
1.45056 -0.29923 0 -0.6 1.5 0.1 -0.6 4541
1.46924 -0.234742 0 -0.5 1.5 0.1 -0.5 4542
1.48383 -0.169039 0 -0.4 1.5 0.1 -0.4 4543
1.49425 -0.102414 0 -0.3 1.5 0.1 -0.3 4544
1.50044 -0.0351645 0 -0.2 1.5 0.1 -0.2 4545
1.50236 0.0324082 0 -0.1 1.5 0.1 -0.1 4546
1.5 0.1 0 0 1.5 0.1 0 4547
1.49337 0.167307 0 0.1 1.5 0.1 0.1 4548
1.48249 0.234027 0 0.2 1.5 0.1 0.2 4549
1.46743 0.299859 0 0.3 1.5 0.1 0.3 4550
1.44826 0.364512 0 0.4 1.5 0.1 0.4 4551
1.42508 0.427696 0 0.5 1.5 0.1 0.5 4552
1.398 0.489134 0 0.6 1.5 0.1 0.6 4553
1.36718 0.548557 0 0.7 1.5 0.1 0.7 4554
1.33277 0.605708 0 0.8 1.5 0.1 0.8 4555
1.43568 -0.332294 0 -0.8 1.5 0.2 -0.8 4556
1.45826 -0.269049 0 -0.7 1.5 0.2 -0.7 4557
1.47684 -0.204277 0 -0.6 1.5 0.2 -0.6 4558
1.49132 -0.138264 0 -0.5 1.5 0.2 -0.5 4559
1.50161 -0.0713028 0 -0.4 1.5 0.2 -0.4 4560
1.50766 -0.00369146 0 -0.3 1.5 0.2 -0.3 4561
1.50941 0.0642666 0 -0.2 1.5 0.2 -0.2 4562
1.50686 0.132266 0 -0.1 1.5 0.2 -0.1 4563
1.5 0.2 0 0 1.5 0.2 0 4564
1.48887 0.267165 0 0.1 1.5 0.2 0.1 4565
1.47352 0.333458 0 0.2 1.5 0.2 0.2 4566
1.45402 0.398582 0 0.3 1.5 0.2 0.3 4567
1.43047 0.462248 0 0.4 1.5 0.2 0.4 4568
1.403 0.524173 0 0.5 1.5 0.2 0.5 4569
1.37172 0.584086 0 0.6 1.5 0.2 0.6 4570
1.33682 0.641726 0 0.7 1.5 0.2 0.7 4571
1.29846 0.696846 0 0.8 1.5 0.2 0.8 4572
1.46999 -0.241155 0 -0.8 1.5 0.3 -0.8 4573
1.48862 -0.17588 0 -0.7 1.5 0.3 -0.7 4574
1.50312 -0.109325 0 -0.6 1.5 0.3 -0.6 4575
1.5134 -0.0417872 0 -0.5 1.5 0.3 -0.5 4576
1.5194 0.0264335 0 -0.4 1.5 0.3 -0.4 4577
1.52107 0.0950312 0 -0.3 1.5 0.3 -0.3 4578
1.51838 0.163698 0 -0.2 1.5 0.3 -0.2 4579
1.51135 0.232123 0 -0.1 1.5 0.3 -0.1 4580
1.5 0.3 0 0 1.5 0.3 0 4581
1.48437 0.367022 0 0.1 1.5 0.3 0.1 4582
1.46455 0.432889 0 0.2 1.5 0.3 0.2 4583
1.44061 0.497305 0 0.3 1.5 0.3 0.3 4584
1.41269 0.559984 0 0.4 1.5 0.3 0.4 4585
1.38091 0.620651 0 0.5 1.5 0.3 0.5 4586
1.34545 0.679038 0 0.6 1.5 0.3 0.6 4587
1.30646 0.734895 0 0.7 1.5 0.3 0.7 4588
1.26416 0.787984 0 0.8 1.5 0.3 0.8 4589
1.50429 -0.150017 0 -0.8 1.5 0.4 -0.8 4590
1.51898 -0.0827103 0 -0.7 1.5 0.4 -0.7 4591
1.5294 -0.0143731 0 -0.6 1.5 0.4 -0.6 4592
1.53548 0.05469 0 -0.5 1.5 0.4 -0.5 4593
1.53718 0.12417 0 -0.4 1.5 0.4 -0.4 4594
1.53448 0.193754 0 -0.3 1.5 0.4 -0.3 4595
1.52736 0.263129 0 -0.2 1.5 0.4 -0.2 4596
1.51585 0.331981 0 -0.1 1.5 0.4 -0.1 4597
1.5 0.4 0 0 1.5 0.4 0 4598
1.47988 0.46688 0 0.1 1.5 0.4 0.1 4599
1.45557 0.53232 0 0.2 1.5 0.4 0.2 4600
1.4272 0.596027 0 0.3 1.5 0.4 0.3 4601
1.3949 0.657721 0 0.4 1.5 0.4 0.4 4602
1.35883 0.717128 0 0.5 1.5 0.4 0.5 4603
1.31917 0.77399 0 0.6 1.5 0.4 0.6 4604
1.2761 0.828065 0 0.7 1.5 0.4 0.7 4605
1.22985 0.879122 0 0.8 1.5 0.4 0.8 4606
1.5386 -0.0588791 0 -0.8 1.5 0.5 -0.8 4607
1.54934 0.010459 0 -0.7 1.5 0.5 -0.7 4608
1.55568 0.0805791 0 -0.6 1.5 0.5 -0.6 4609
1.55756 0.151167 0 -0.5 1.5 0.5 -0.5 4610
1.55497 0.221906 0 -0.4 1.5 0.5 -0.4 4611
1.54789 0.292477 0 -0.3 1.5 0.5 -0.3 4612
1.53633 0.36256 0 -0.2 1.5 0.5 -0.2 4613
1.52035 0.431838 0 -0.1 1.5 0.5 -0.1 4614
1.5 0.5 0 0 1.5 0.5 0 4615
1.47538 0.566737 0 0.1 1.5 0.5 0.1 4616
1.4466 0.631751 0 0.2 1.5 0.5 0.2 4617
1.41379 0.69475 0 0.3 1.5 0.5 0.3 4618
1.37712 0.755457 0 0.4 1.5 0.5 0.4 4619
1.33675 0.813605 0 0.5 1.5 0.5 0.5 4620
1.29289 0.868943 0 0.6 1.5 0.5 0.6 4621
1.24574 0.921234 0 0.7 1.5 0.5 0.7 4622
1.19555 0.970261 0 0.8 1.5 0.5 0.8 4623
1.5729 0.032259 0 -0.8 1.5 0.6 -0.8 4624
1.57969 0.103628 0 -0.7 1.5 0.6 -0.7 4625
1.58196 0.175531 0 -0.6 1.5 0.6 -0.6 4626
1.57965 0.247644 0 -0.5 1.5 0.6 -0.5 4627
1.57275 0.319642 0 -0.4 1.5 0.6 -0.4 4628
1.56129 0.391199 0 -0.3 1.5 0.6 -0.3 4629
1.5453 0.461991 0 -0.2 1.5 0.6 -0.2 4630
1.52484 0.531696 0 -0.1 1.5 0.6 -0.1 4631
1.5 0.6 0 0 1.5 0.6 0 4632
1.47088 0.666595 0 0.1 1.5 0.6 0.1 4633
1.43763 0.731182 0 0.2 1.5 0.6 0.2 4634
1.40039 0.793473 0 0.3 1.5 0.6 0.3 4635
1.35933 0.853193 0 0.4 1.5 0.6 0.4 4636
1.31467 0.910082 0 0.5 1.5 0.6 0.5 4637
1.26661 0.963895 0 0.6 1.5 0.6 0.6 4638
1.21538 1.0144 0 0.7 1.5 0.6 0.7 4639
1.16124 1.0614 0 0.8 1.5 0.6 0.8 4640
